SKU,Nombre,Precio,Presentaci√≥n,THC per container,CBD per container,URL
1027960,HIGH CBD OIL,$39.99,['28.4 g'],0.0-2.0mg/g,28.5-38.5mg/g,https://www.bccannabisstores.com/products/high-cbd-oil-2
1014554,"CANACA 19 PRE-ROLL
(BLEND 19)",$13.99,['3 x 0.5 g'],180.0-220.0mg/g,0.0-10.0mg/g,https://www.bccannabisstores.com/products/blend-pre-roll-19
1029982,SOUR RASPBERRY 1:1 GUMMIES,$6.99,['4 x 4.4 g Raspberry'],2.5mg,2.5mg,https://www.bccannabisstores.com/products/sour-raspberry-1-1-gummies
1018696,"INDICA 0.5 VAPE CARTRIDGE
(BLACKBERRY CREAM)",$24.99,['1 x 0.5 g'],680.0-920.0mg/g,0.0-5.0mg/g,https://www.bccannabisstores.com/products/indica-0-5-cartridge
1028737,STRAWBERRY CBD 10:1 SOUR GUMMIES,$6.99,['2 x 4.5 g Strawberry'],1.0mg,10.0mg,https://www.bccannabisstores.com/products/wana-strawberry-cbd-10-1-sour-gummies
1013861,OKANAGAN GROWN ULTRA SOUR,$36.99,"['7 g', '3.5 g', '1 g']",260.0-310.0mg/g,0.0-10.0mg/g,https://www.bccannabisstores.com/products/dream
1020833,PAX D. BUBBA VAPE CARTRIDGE,$39.99,['1 x 0.5 g sweet'],730.0-930.0mg/g,0.0-10.0mg/g,https://www.bccannabisstores.com/products/d-bubba-vape-cartridge
1017573,BAKERSTREET & GINGER,$3.99,['1 x 355 ml Bakerstreet Terpenes & Ginger Ale'],2.0mg,0.0-1.0mg,https://www.bccannabisstores.com/products/bakerstreet-ginger
1005511,"HOUNDSTOOTH PRE-ROLL
(C-LAND)",$9.99,"['1 x 1 g', '5 x 0.5 g']",200.0-260.0mg/g,0.0-1.0mg/g,https://www.bccannabisstores.com/products/houndstooth-pre-rolls
1026475,D. BUBBA,$119.99,"['28 g', '7 g', '3.5 g']",170.0-230.0mg/g,0.0-10.0mg/g,https://www.bccannabisstores.com/products/d-bubba-1
1027713,"HEMPLIXIR 30 CBD OIL
(CANDA
)",$36.99,['30 ml'],0.85-1.15mg/g,25.5-34.5mg/g,https://www.bccannabisstores.com/products/hemplixir-30-cbd-oil
1018274,"MOLLO 5
(BLEND)",$4.99,['1 x 355 ml Malt'],5.0mg,5.0mg,https://www.bccannabisstores.com/products/mollo-brew-5
1018308,"LITTLE VICTORY SPARKLING BLOOD ORANGE
(BLEND)",$5.99,['1 x 355 ml Blood Orange'],2.5mg,2.5mg,https://www.bccannabisstores.com/products/little-victory-sparkling-blood-orange
1034156,KEY LIME PIE GUMMIES,$6.99,['2 x 10 g Key Lime Pie'],5.0mg,0.5mg,https://www.bccannabisstores.com/products/key-lime-pie-gummies
1027770,STARWALKER KUSH,$114.99,"['28 g', '3.5 g']",170.0-230.0mg/g,0.0-9.9mg/g,https://www.bccannabisstores.com/products/starwalker-kush
1026764,TABS (MINT 10:0),$21.99,['10 capsules'],10.0mg,0.0-1.0mg,https://www.bccannabisstores.com/products/tabs-mint-10-0
1030030,CHERRY PUNCH,$34.99,['3.5 g'],230.0-250.0mg/g,0.0-10.0mg/g,https://www.bccannabisstores.com/products/cherry-punch-1
1030501,CBD FACIAL REJUVENATING CREAM,$39.97,['1 x 90 ml'],31.0-42.0mg,612.0-828.0mg,https://www.bccannabisstores.com/products/cbd-facial-rejuvinating-cream
1036516,"SUMMIT 10 PEACH LEMONADE
(BLEND)",$6.99,"['1 x 355 ml Peach, lemon']",8.5-10.0mg,0.0-1.15mg,https://www.bccannabisstores.com/products/summit-10-peach-lemonade
1035401,"CHERRY JAM
(BCP
)",$29.99,['3.5 g'],210.0-250.0mg/g,0.0-10.0mg/g,https://www.bccannabisstores.com/products/cherry-jam
1033349,OUTLAW LIVE ROSIN,$21.99,['1 x 0.5 g'],650.0-750.0mg/g,0.0-50.0mg/g,https://www.bccannabisstores.com/products/outlaw-live-rosin
1037043,SLURRICANE,$109.99,['28 g'],210.0-270.0mg/g,0.0-10.0mg/g,https://www.bccannabisstores.com/products/slurricane-1
1018316,"LITTLE VICTORY SPARKLING DARK CHERRY
(BLEND)",$5.99,['1 x 355 ml Dark Cherry'],2.5mg,2.5mg,https://www.bccannabisstores.com/products/little-victory-sparkling-dark-cherry
1031475,CBD GOJI GRAPEFRUIT KOMBUCHA STANDRD,$7.99,['1 x 330 ml Goji & Grapefruit'],2.0mg,20.0mg,https://www.bccannabisstores.com/products/cbd-goji-grapefruit-kombucha-standrd-can
1035799,MOLLO 5 LIME,$4.99,['1 x 355 ml Lime'],5.0mg,5.0mg,https://www.bccannabisstores.com/products/mollo-5-lime
1036524,"GG 4 PRE-ROLL
(GORILLA GLUE 
)",$42.99,['12 x 0.5 g'],190.0-220.0mg/g,0.0-2.0mg/g,https://www.bccannabisstores.com/products/gg-4-pre-roll-2
1038793,HAUS MATES DRINK,$5.99,['1 x 355 ml'],7.5mg,2.5mg,https://www.bccannabisstores.com/products/haus-mates-drink
1039239,BLUE MAJIK 1:1 LEMONADE KOMBUCHA,$7.99,['1 x 330 ml Lemonade Kombucha'],5.0mg,5.0mg,https://www.bccannabisstores.com/products/blue-majik-1-1-lemonade-kombucha
1038801,INDIE PALS DRINK,$6.99,['1 x 355 ml'],10.0mg,2.0mg,https://www.bccannabisstores.com/products/indie-pals-drink
1039403,"GROWER'S STASH #003 PRE-ROLLS
(VANILLA MINTS)",$16.99,['3 x 0.5 g'],250.0-300.0mg/g,0.0-100.0mg/g,https://www.bccannabisstores.com/products/growers-stash-003-pre-rolls
1040179,LIMON SPLASHDOWN,$6.99,"['1 x 222 ml Lemon, Lime']",10.0mg,0.0mg,https://www.bccannabisstores.com/products/limon-splashdown
1039601,DIAMOND BREATH,$39.99,['3.5 g'],250.0-300.0mg/g,0.0-10.0mg/g,https://www.bccannabisstores.com/products/diamond-breath
1039890,BLOOD ORANGE 20:1 CBD HYBRID SOUR GUMMIE,$19.99,['10 x 4.5 g Blood Orange'],1.0mg,20.0mg,https://www.bccannabisstores.com/products/blood-orange-20-1-hybrid-sour-gummies
1038777,ORANGEADE,$29.99,"['3.5 g', '7 g']",180.0-240.0mg/g,0.0-10.0mg/g,https://www.bccannabisstores.com/products/orangeade
1039460,"SUBWAY SCIENTIST FULL SPECTRUM CARTRIDGE
(GRAND DADDY PURPS
)",$34.99,"['1 x 0.5 g Grape, berry, sweet']",720.0-850.0mg/g,0.0-9.99mg/g,https://www.bccannabisstores.com/products/subway-scientist-full-spectrum-cartridge
1039429,INDICA CAPSULES,$14.99,['15 capsules'],7.0-9.0mg,0.0-1.0mg,https://www.bccannabisstores.com/products/indica-capsules
1039809,"91K
(91 KRYPT
)",$31.99,['3.5 g'],200.0-260.0mg/g,0.0-1.0mg/g,https://www.bccannabisstores.com/products/91k
1037217,MOONLIGHT LEMONGRASS CBD TEA,$6.99,"['1 x 4.5 g Lemongrass, peppermint, florals']",0.0-0.4mg,20.0mg,https://www.bccannabisstores.com/products/moonlight-lemongrass-cbd-tea
1037001,SASSAFRAS VAPE CARTRIDGE,$39.99,['1 x 1 g'],800.0-840.0mg/g,2.0-10.0mg/g,https://www.bccannabisstores.com/products/sassafras-vape-cartridge
1036474,"RAPID TROPICAL RUSH
(BLEND)",$5.99,"['1 x 250 ml Lemon, lime, mango']",8.5-10.0mg,8.5-11.0mg,https://www.bccannabisstores.com/products/rapid-tropical-rush
1038033,RELIEF BALM WHOLE PLANT CBD:THC 1:3,$39.99,['1 x 50 g'],240.0-360.0mg/g,75.0-130.0mg/g,https://www.bccannabisstores.com/products/relief-balm-whole-plant-cbd-thc-1-3
1037738,LIVE INDICA CARTRIDGE,$39.99,['1 x 1 g'],760.0-880.0mg/g,1.0-5.0mg/g,https://www.bccannabisstores.com/products/live-indica-cartridge
1038058,MK ULTRA SHATTER,$34.99,['1 x 1 g'],640.0-740.0mg/g,0.0-60.0mg/g,https://www.bccannabisstores.com/products/mk-ultra-shatter
1038454,WATERMELON GUSHERS PRE-ROLL,$4.99,['1 x 0.5 g'],240.0-290.0mg/g,0.0-2.0mg/g,https://www.bccannabisstores.com/products/watermelon-gushers-pre-roll
1038470,BAKERS DOZEN,$29.99,['3.5 g'],200.0-260.0mg/g,0.0-2.0mg/g,https://www.bccannabisstores.com/products/bakers-dozen
1039700,GAS TANK,$39.99,['3.5 g'],250.0-300.0mg/g,0.0-10.0mg/g,https://www.bccannabisstores.com/products/gas-tank
1039213,HYCYCLE ACE: PASSION #1 CART,$41.99,['1 x 1 g'],810.0-890.0mg/g,0.0-10.0mg/g,https://www.bccannabisstores.com/products/hycycle-ace-passion-1-cart
1039569,"LIVE RESIN TERP SAUCE
(KISH
)",$26.99,['1 x 0.5 g'],442.5-522.5mg/g,0.0-100.0mg/g,https://www.bccannabisstores.com/products/live-resin-terp-sauce
1035617,SECRET FORMULA,$34.99,['3.5 g'],220.0-280.0mg/g,0.0-20.0mg/g,https://www.bccannabisstores.com/products/secret-formula
1034263,MANDARIN CKS FLOWER ROSIN,$34.99,"['1 x 0.5 g citrusy, orange']",650.0-750.0mg/g,0.0-50.0mg/g,https://www.bccannabisstores.com/products/mandarin-cks-flower-rosin
1038959,FUNFETTI,$29.99,"['15 g', '3.5 g']",210.0-250.0mg/g,0.0-10.0mg/g,https://www.bccannabisstores.com/products/funfetti
1036433,WHITE RHINO FULL SPECTRUM CARTRIDGE,$27.99,['1 x 0.5 g'],740.0-840.0mg/g,0.0-30.0mg/g,https://www.bccannabisstores.com/products/white-rhino-full-spectrum-cartridge
1038207,GARLIC JELLY,$29.99,['3.5 g'],200.0-250.0mg/g,0.0-10.0mg/g,https://www.bccannabisstores.com/products/garlic-jelly-1
1037290,SOMETHING ABOUT LARRY,$21.99,"['3.5 g', '7 g']",200.0-260.0mg/g,0.0-10.0mg/g,https://www.bccannabisstores.com/products/something-about-larry
1038710,GRAND DADDY PURPLE PAX POD,$34.99,['1 x 0.5 g'],800.0-860.0mg/g,0.0-20.0mg/g,https://www.bccannabisstores.com/products/grand-daddy-purple-pax-pod
1038926,BC HIGHBRID,$39.99,"['7 g', '3.5 g']",200.0-260.0mg/g,0.0-10.0mg/g,https://www.bccannabisstores.com/products/bc-highbrid
1039395,PINE TAR KUSH,$21.99,['3.5 g'],180.0-240.0mg/g,0.0-10.0mg/g,https://www.bccannabisstores.com/products/pine-tar-kush
1037993,FULL MELT INDICA CARTRIDGE,$34.99,"['1 x 0.5 g Berry, Sweet, Herbal, Fruity, Sour']",750.0-850.0mg/g,0.0-20.0mg/g,https://www.bccannabisstores.com/products/full-melt-indica-cartridge
1038462,PINK WEDDING CAKE COOKIES,$21.99,"['3.5 g', '28 g']",190.0-270.0mg/g,0.0-10.0mg/g,https://www.bccannabisstores.com/products/pink-wedding-cake-cookies
1038595,"SMOKER FARMS KETTLE RIVER KUSH
(BUBBA KUSH
)",$24.99,['3.5 g'],200.0-250.0mg/g,0.0-10.0mg/g,https://www.bccannabisstores.com/products/smoker-farms-kettle-river-kush
1039130,MONSTER MASH,$26.99,['3.5 g'],190.0-230.0mg/g,1.0-9.0mg/g,https://www.bccannabisstores.com/products/monster-mash
1039254,PINK KUSH SHATTER,$36.99,"['1 x 1 g Pine, Citrus']",700.0-850.0mg/g,1.0-10.0mg/g,https://www.bccannabisstores.com/products/pink-kush-shatter-1
1039288,HAWAIIAN DIESEL PUNCH CRUMBLE,$36.99,"['1 x 1 g Tropical, Fruity']",700.0-850.0mg/g,1.0-10.0mg/g,https://www.bccannabisstores.com/products/hawaiian-diesel-punch-crumble
1039270,SOUR DIESEL SHATTER,$36.99,"['1 x 1 g Gasoline, Orange']",700.0-850.0mg/g,1.0-10.0mg/g,https://www.bccannabisstores.com/products/sour-diesel-shatter
1038413,WEDDING POOP PRE-ROLL,$4.99,"['1 x 0.5 g', '3 x 0.5 g']",230.0-280.0mg/g,0.0-2.0mg/g,https://www.bccannabisstores.com/products/wedding-poop-pre-roll
1038447,SCOTTI'S CAKE PRE-ROLL,$4.99,['1 x 0.5 g'],230.0-280.0mg/g,0.0-2.0mg/g,https://www.bccannabisstores.com/products/scottis-cake-pre-roll
1038728,PINEAPPLE PARADISE,$24.99,['3.5 g'],200.0-260.0mg/g,0.0-10.0mg/g,https://www.bccannabisstores.com/products/pineapple-paradise
1038579,"COOMBS KANDY
(SKITTLEZ
)",$34.99,['3.5 g'],200.0-250.0mg/g,0.0-20.0mg/g,https://www.bccannabisstores.com/products/coombs-kandy
1036599,"EZ HAZE
(GIRL SCOUT PLATINUM)",$24.99,['3.5 g'],200.0-250.0mg/g,0.0-10.0mg/g,https://www.bccannabisstores.com/products/ez-haze
1036011,GSC 1G PREFILLED VAPE CARTRIDGE,$39.99,['1 x 1 g'],600.0-700.0mg/g,0.0-50.0mg/g,https://www.bccannabisstores.com/products/gsc-1g-prefilled-vape-cartridge
1035831,PEPPERMINT 75 CBD OIL,$49.99,['25 ml'],0.0mg/g,75.0mg/g,https://www.bccannabisstores.com/products/peppermint-75-cbd-oil
1036946,MIXTAPE SPECIAL LIVE RESIN,$39.99,['1 x 1 g'],650.0-800.0mg/g,0.0-10.0mg/g,https://www.bccannabisstores.com/products/mixtape-special-live-resin
1036623,DRIFTWOOD DIESEL,$29.99,['3.5 g'],210.0-250.0mg/g,0.0-100.0mg/g,https://www.bccannabisstores.com/products/driftwood-diesel
1034800,OS. SATIVA,$16.99,"['3.5 g', '7 g']",170.0-200.0mg/g,0.0-10.0mg/g,https://www.bccannabisstores.com/products/os-sativa-1
1035468,"THE SILVERBACK #4
(GG#4
)",$29.99,['3.5 g'],210.0-250.0mg/g,0.0-10.0mg/g,https://www.bccannabisstores.com/products/the-silverback-4
1035609,"THC DISTIL MANGO LEMONADE VAPE CARTRIDGE
(TRX MANGO LEMONADE
)",$39.99,['1 x 1 g'],850.0-900.0mg/g,0.0-2.0mg/g,https://www.bccannabisstores.com/products/thc-distil-mango-lemonade-vape-cartridge
1036631,LEMON ROCKET,$29.99,['3.5 g'],200.0-260.0mg/g,0.0-100.0mg/g,https://www.bccannabisstores.com/products/lemon-rocket
1039478,HASH PLANT CARTRIDGE,$36.99,"['1 x 0.5 g Citrus, Cedar, Herbal, Earthy, Peppery', '1 x 1 g']",760.0-840.0mg/g,50.0-80.0mg/g,https://www.bccannabisstores.com/products/hash-plant-cartridge
1038157,SMOKER FARMS MASTER KUSH ULTRA,$34.99,['3.5 g'],240.0-280.0mg/g,0.0-10.0mg/g,https://www.bccannabisstores.com/products/smoker-farms-master-kush-ultra
1039486,MASTER KUSH CARTRIDGE,$36.99,"['1 x 0.5 g Herbal, Peppery, Earthy, Sweet, Floral', '1 x 1 g']",760.0-840.0mg/g,5.0-6.0mg/g,https://www.bccannabisstores.com/products/master-kush-cartridge
1034750,GARLIC Z PRE-ROLL,$4.99,['1 x 0.5 g'],200.0-260.0mg/g,0.0-10.0mg/g,https://www.bccannabisstores.com/products/garlic-z-pre-roll
1035971,LA KUSH CAKE PRE-ROLLS,$14.99,['3 x 0.5 g'],200.0-250.0mg/g,0.0-30.0mg/g,https://www.bccannabisstores.com/products/la-kush-cake-pre-rolls
1030931,"GELATTI
(GELATO CROSS)",$24.99,['3.5 g'],210.0-250.0mg/g,0.0-1.0mg/g,https://www.bccannabisstores.com/products/gelatti
1033331,HONEY GREEN ICED TEA,$4.99,['1 x 355 ml'],2.5mg,2.5mg,https://www.bccannabisstores.com/products/honey-green-iced-tea
1037985,ORGANIC BC ROCKSTAR,$42.99,['3.5 g'],200.0-270.0mg/g,0.4-0.5mg/g,https://www.bccannabisstores.com/products/bc-rockstar-1
1034602,BIG BUDDA CHEESE (BBC),$29.99,['3.5 g'],220.0-280.0mg/g,0.0-2.0mg/g,https://www.bccannabisstores.com/products/big-budda-cheese-bbc
1035922,SESSION THC VAPE - BERRY LEMONADE,$34.99,['1 x 1 g Berry Lemonade'],800.0-840.0mg/g,0.0-20.0mg/g,https://www.bccannabisstores.com/products/session-thc-vape-berry-lemonade
1034610,CRITICAL GLUE,$29.99,['3.5 g'],220.0-280.0mg/g,0.0-2.0mg/g,https://www.bccannabisstores.com/products/critical-glue
1036532,BLUE DREAM PRE-ROLL,$42.99,['12 x 0.5 g'],190.0-220.0mg/g,0.0-1.0mg/g,https://www.bccannabisstores.com/products/blue-dream-pre-roll-2
1037548,ORGANIC DEJA GLU,$42.99,['3.5 g'],200.0-260.0mg/g,0.5-0.6mg/g,https://www.bccannabisstores.com/products/deja-glu
1033901,BLUEBERRY MOUNTAIN RUSH LIVE RESIN VAPE,$32.99,['1 x 0.5 g'],700.0-850.0mg/g,0.0-8.0mg/g,https://www.bccannabisstores.com/products/blueberry-mountain-rush-live-resin-vape
1034743,"HELL CAT
(GELATO
)",$21.99,['3.5 g'],190.0-240.0mg/g,0.0-20.0mg/g,https://www.bccannabisstores.com/products/hell-cat
1021658,"EXTRA STRENGTH BODY CREAM
(SILVER LEMONS)",$22.99,['1 x 60 g'],25.0mg,25.0mg,https://www.bccannabisstores.com/products/extra-strength-body-cream-1
1036417,AFGHAN KUSH FULL SPECTRUM CARTRIDGE,$27.99,['1 x 0.5 g'],700.0-800.0mg/g,0.0-30.0mg/g,https://www.bccannabisstores.com/products/afghan-kush-full-spectrum-cartridge
1037233,SPICED STARLIGHT CBD TEA,$6.99,"['1 x 4.5 g Spice, cardamom, cloves']",0.0-0.04mg,20.0mg,https://www.bccannabisstores.com/products/spiced-starlight-cbd-tea
1038017,CITRUS ICE SATIVA CARTRIDGE,$36.99,"['1 x 1 g Citrus, Sweet, Minty, Fruity, Sharp']",770.0-890.0mg/g,0.0-20.0mg/g,https://www.bccannabisstores.com/products/citrus-ice-sativa-cartridge
1037126,T.F. ISLAND PINK,$26.99,['3.5 g'],210.0-250.0mg/g,0.0-75.0mg/g,https://www.bccannabisstores.com/products/t-f-island-pink
1038405,"COOKIE PUSS
(CHERRY PIE
)",$29.99,['3.5 g'],220.0-280.0mg/g,0.0-5.0mg/g,https://www.bccannabisstores.com/products/cookie-puss
1039296,GRAPEFRUIT KUSH CRUMBLE,$36.99,"['1 x 1 g Grapefruit, Tart']",700.0-850.0mg/g,1.0-10.0mg/g,https://www.bccannabisstores.com/products/grapefruit-kush-crumble
1038876,FORBIDDEN LEMON CAVIAR CONES,$44.99,['4 x 0.5 g'],310.0-370.0mg/g,1.0-10.0mg/g,https://www.bccannabisstores.com/products/forbidden-lemon-caviar-cones
1034172,LEMON ZKTLS FLOWER ROSIN,$34.99,"['1 x 0.5 g citrusy, lemon']",650.0-750.0mg/g,0.0-50.0mg/g,https://www.bccannabisstores.com/products/lemon-zktls-flower-rosin
1034313,"OKANAGAN GROWN COLD CREEK KUSH
(COLD CREEK KUSH
)",$36.99,['3.5 g'],200.0-280.0mg/g,0.0-10.0mg/g,https://www.bccannabisstores.com/products/okanagan-grown-cold-creek-kush
1037142,"HITR CARTRIDGE
(GHOST LIME OG
)",$36.99,"['1 x 1 g Lime, Citrus, Fruit']",820.0-890.0mg/g,0.0-10.0mg/g,https://www.bccannabisstores.com/products/hitr-cartridge
1037845,"DSD INDICA SHATTER
(DO-SI-DOS
)",$19.99,['1 x 0.5 g'],730.0-850.0mg/g,0.0-5.6mg/g,https://www.bccannabisstores.com/products/dsd-indica-shatter
1038025,MANGO TWIST HYBRID CARTRIDGE,$36.99,"['1 x 1 g Tropical, Citrus, Sweet, Fruity, Sour']",770.0-890.0mg/g,0.0-20.0mg/g,https://www.bccannabisstores.com/products/mango-twist-hybrid-cartridge
1036425,ISLAND HONEY FULL SPECTRUM CARTRIDGE,$27.99,['1 x 0.5 g'],700.0-800.0mg/g,0.0-30.0mg/g,https://www.bccannabisstores.com/products/island-honey-full-spectrum-cartridge
1038215,ORANGE COOKIE OCTANE,$31.99,['3.5 g'],230.0-290.0mg/g,0.0-20.0mg/g,https://www.bccannabisstores.com/products/orange-cookie-octane
1037282,"SOUR SIS
(LOCKDOWN
)",$39.99,['3.5 g'],250.0-300.0mg/g,0.0-20.0mg/g,https://www.bccannabisstores.com/products/sour-sis
1037134,"KING OF THE NORTH CARTRIDGE
(OBAMA KUSH
)",$36.99,['1 x 1 g'],820.0-890.0mg/g,0.0-10.0mg/g,https://www.bccannabisstores.com/products/king-of-the-north-cartridge
1038116,MUSKMELON OG,$199.99,['28 g'],190.0-250.0mg/g,0.0-20.0mg/g,https://www.bccannabisstores.com/products/muskmellon-og
1038165,DO-SI-DOS,$31.99,['3.5 g'],200.0-260.0mg/g,0.0-20.0mg/g,https://www.bccannabisstores.com/products/do-si-dos-1
1030998,CHAPTER 1 LIVE RESIN BUDDER,$24.97,['1 x 0.5 g'],680.0-920.0mg/g,0.0-3.75mg/g,https://www.bccannabisstores.com/products/chapter-1-live-resin-budder
1038264,PINK OG SHATTER,$42.99,['1 x 1 g'],710.0-790.0mg/g,0.0-20.0mg/g,https://www.bccannabisstores.com/products/pink-og-shatter
1028521,GARLIC Z,$29.99,['3.5 g'],200.0-260.0mg/g,0.0-10.0mg/g,https://www.bccannabisstores.com/products/garlic-z-1
1035633,"TROPICAL TUNAAAA DABS
(MANGO LEMONADE 
)",$39.99,['1 x 1 g'],800.0-920.0mg/g,0.0-10.0mg/g,https://www.bccannabisstores.com/products/tropical-tunaaaa-dabs
1032085,GELATO PRE-ROLL,$17.99,['3 x 0.5 g'],210.0-260.0mg/g,0.5-1.0mg/g,https://www.bccannabisstores.com/products/gelato-pre-roll-1
1037340,NUT BUTTER,$29.99,['3.5 g'],200.0-260.0mg/g,0.0-10.0mg/g,https://www.bccannabisstores.com/products/nut-butter
1037944,EDISON JOLTS LOZENGES,$14.99,['10 x 1.18 g Mint'],10.0mg,0.0-1.0mg,https://www.bccannabisstores.com/products/edison-jolts-lozenges
1038603,WEST KOOTENAY HAWAIIAN HAMMER,$29.99,['3.5 g'],200.0-250.0mg/g,0.0-10.0mg/g,https://www.bccannabisstores.com/products/west-kootenay-hawaiian-hammer
1037951,PAPAYA PRE-ROLL,$9.99,['2 x 0.5 g'],180.0-240.0mg/g,0.0-10.0mg/g,https://www.bccannabisstores.com/products/papaya-pre-roll
1032127,SUNSHINE SHERB,$36.99,['3.5 g'],210.0-260.0mg/g,0.0-50.0mg/g,https://www.bccannabisstores.com/products/sunshine-sherb
1038751,FIZZ WATERMELON DRINK,$4.99,['1 x 355 ml Watermelon'],5.0mg,0.0-1.0mg,https://www.bccannabisstores.com/products/fizz-watermelon-drink
1037837,WEDDING CK HYBRID SHATTER,$19.99,['1 x 0.5 g'],730.0-850.0mg/g,0.0-7.9mg/g,https://www.bccannabisstores.com/products/wedding-ck-hybrid-shatter
1038199,BLACK MAMBA,$29.99,['3.5 g'],200.0-280.0mg/g,0.0-10.0mg/g,https://www.bccannabisstores.com/products/black-mamba
1038611,KRAZY KRYSTAL GODFATHER OG,$24.99,['3.5 g'],210.0-250.0mg/g,0.0-10.0mg/g,https://www.bccannabisstores.com/products/krazy-krystal-godfather-og
1029990,GREEN CRUSH PAX POD,$32.99,['1 x 0.5 g'],700.0-760.0mg/g,0.0-30.0mg/g,https://www.bccannabisstores.com/products/green-crush-pax-pod
1037480,FRESHLY BAKED #76,$31.99,['3.5 g'],200.0-260.0mg/g,0.0-10.0mg/g,https://www.bccannabisstores.com/products/freshly-baked-76
1037894,SCREWHEAD PRE-ROLL,$14.99,['3 x 0.5 g'],200.0-280.0mg/g,0.0-20.0mg/g,https://www.bccannabisstores.com/products/screwhead-pre-roll
1038066,FLIX N CHILL PRE-ROLLS,$39.99,['14 x 0.5 g'],180.0-240.0mg/g,0.0-10.0mg/g,https://www.bccannabisstores.com/products/flix-n-chill-pre-rolls
1038371,KRYPTO CHRONIC #2,$29.99,['3.5 g'],200.0-260.0mg/g,0.0-10.0mg/g,https://www.bccannabisstores.com/products/krypto-chronic-2
1035435,RAINBOW SHERB VAPE CARTRIDGE,$39.99,"['1 x 0.95 g fruit, candy']",800.0-900.0mg/g,0.0-5.0mg/g,https://www.bccannabisstores.com/products/rainbow-sherb-vape-cartridge
1035872,SATIVA,$114.99,['28 g'],200.0-230.0mg/g,0.0-10.0mg/g,https://www.bccannabisstores.com/products/sativa-5
1036987,CHEM OG,$24.99,['3.5 g'],230.0-280.0mg/g,0.0-10.0mg/g,https://www.bccannabisstores.com/products/chem-og
1038397,JUNGLE BREATH,$29.99,['3.5 g'],220.0-300.0mg/g,0.0-20.0mg/g,https://www.bccannabisstores.com/products/jungle-breath
1037688,KOOTNAY WHITE CHOCOLATE DIAMONDS FLOWER,$31.99,['3.5 g'],200.0-240.0mg/g,0.0-10.0mg/g,https://www.bccannabisstores.com/products/kootnay-white-chocolate-diamonds-flower
1026715,GRANDPA'S STASH PRE-ROLL,$13.99,['3 x 0.5 g'],190.0-250.0mg/g,0.0-10.0mg/g,https://www.bccannabisstores.com/products/grandpas-stash-pre-roll-1
1036300,"FEATHER LIMELIGHT CARTRIDGE
(ULTRA SOUR
)",$44.99,"['1 x 1 g Lime, Citrus']",800.0-850.0mg/g,0.0-10.0mg/g,https://www.bccannabisstores.com/products/feather-limelight-cartridge
1038769,FIZZ MANGO DRINK,$4.99,['1 x 355 ml Mango'],5.0mg,0.0-1.0mg,https://www.bccannabisstores.com/products/fizz-mango-drink
1036573,FACE PUNCH,$34.99,['3.5 g'],190.0-250.0mg/g,0.0-5.0mg/g,https://www.bccannabisstores.com/products/face-punch
1035369,GG4,$21.99,"['28 g', '3.5 g']",180.0-240.0mg/g,0.0-10.0mg/g,https://www.bccannabisstores.com/products/gg4-1
1038140,"PURPLE CLEMENTINE
(MIMOSA 
)",$29.99,['3.5 g'],210.0-250.0mg/g,0.0-10.0mg/g,https://www.bccannabisstores.com/products/purple-clementine-1
1030519,"KISH TERP SLUSH LIVE RESIN
(SHISKABERRY
)",$62.99,['1 x 1 g'],690.0-790.0mg/g,0.0-2.0mg/g,https://www.bccannabisstores.com/products/kish-terp-slush-live-resin
1032846,MENDO SUNSET,$24.99,['3.5 g'],200.0-240.0mg/g,0.0-1.0mg/g,https://www.bccannabisstores.com/products/mendo-sunset
1037175,KING KUSH,$31.99,['3.5 g'],240.0-300.0mg/g,0.0-30.0mg/g,https://www.bccannabisstores.com/products/king-kush
1036441,CBD OIL 10,$14.99,['30 ml'],0.0-0.1mg/g,9.0-11.0mg/g,https://www.bccannabisstores.com/products/cbd-oil-10
1038306,BLUE LIME PI,$34.99,['3.5 g'],200.0-260.0mg/g,0.0-5.0mg/g,https://www.bccannabisstores.com/products/blue-lime-pi
1026723,ICE CREAM CAKE PRE-ROLL,$14.99,['3 x 0.5 g'],200.0-280.0mg/g,0.0-10.0mg/g,https://www.bccannabisstores.com/products/ice-cream-cake-pre-roll
1033562,COCONUT LIP BALM,$7.99,['1 x 5 g'],0.0-0.1mg,50.0mg,https://www.bccannabisstores.com/products/coconut-lip-balm
1037811,BC ORGANIC SWEET BUBBA,$39.99,['3.5 g'],200.0-260.0mg/g,0.0-10.0mg/g,https://www.bccannabisstores.com/products/bc-organic-sweet-bubba
1036078,GB DIAMONDS,$59.99,['1 x 0.75 g'],777.0-877.0mg/g,0.0mg/g,https://www.bccannabisstores.com/products/gb-diamonds
1035690,OG COLA,$5.99,['1 x 355 ml Cola'],3.5mg,0.0mg,https://www.bccannabisstores.com/products/og-cola
1021740,"PACIFIC OG PRE-ROLL
(GOJI OG
)",$11.99,"['3 x 0.5 g', '7 x 0.5 g']",240.0-340.0mg/g,0.0-10.0mg/g,https://www.bccannabisstores.com/products/pacific-og-pre-roll
1036342,WEDDING MINT,$36.99,['3.5 g'],240.0-300.0mg/g,0.0-10.0mg/g,https://www.bccannabisstores.com/products/wedding-mint
1035674,APRICOT KUSH GEMS & JUICE,$27.99,['1 x 0.5 g'],800.0-900.0mg/g,0.0-50.0mg/g,https://www.bccannabisstores.com/products/apricot-kush-gems-juice
1029628,COLD CREEK KUSH UP20,$22.97,['3.5 g'],200.0-270.0mg/g,0.0-10.0mg/g,https://www.bccannabisstores.com/products/cold-creek-kush-up20
1037647,THC KISS MANGO SHOT,$3.99,['1 x 30 ml Mango'],9.0-10.0mg,0.0-1.0mg,https://www.bccannabisstores.com/products/thc-kiss-mango-shot
1032945,ACAI BERRY GELATO,$34.99,['3.5 g'],200.0-270.0mg/g,0.0-10.0mg/g,https://www.bccannabisstores.com/products/acai-berry-gelato
1036359,TRUE OG,$36.99,['3.5 g'],240.0-300.0mg/g,0.0-10.0mg/g,https://www.bccannabisstores.com/products/true-og
1035443,JEFFREYS PRE-ROLLS,$34.99,['10 x 0.35 g'],280.0-310.0mg/g,0.0-10.0mg/g,https://www.bccannabisstores.com/products/jeffreys-pre-rolls
1036722,RASPBERRY WHITE CHOCOLATE 1:1 CHEWS,$6.99,['4 x 4.05 g Raspberry White Chocolate'],2.5mg,2.5mg,https://www.bccannabisstores.com/products/raspberry-white-chocolate-1-1-chews
1031897,PURPLE AYA.,$24.99,['3.5 g'],180.0-250.0mg/g,0.0-5.0mg/g,https://www.bccannabisstores.com/products/purple-ayahuasca
1035492,PINK BUBBA PRE-ROLLS,$12.99,['3 x 0.5 g'],200.0-250.0mg/g,0.0-10.0mg/g,https://www.bccannabisstores.com/products/pink-bubba-pre-rolls
1033059,SATIVA JS PRE-ROLLS,$14.99,['7 x 0.3 g'],140.0-220.0mg/g,0.0-1.0mg/g,https://www.bccannabisstores.com/products/sativa-js-pre-rolls
1035484,PINK BUBBA,$29.99,['3.5 g'],210.0-250.0mg/g,0.0-10.0mg/g,https://www.bccannabisstores.com/products/pink-bubba-1
1036821,PINK KUSH FULL SPECTRUM CARTRIDGE,$27.99,['1 x 0.5 g'],700.0-760.0mg/g,0.0-10.0mg/g,https://www.bccannabisstores.com/products/pink-kush-full-spectrum-cartridge
1039437,SATIVA CAPSULES,$14.99,['15 capsules'],7.0-9.0mg,0.0-1.0mg,https://www.bccannabisstores.com/products/sativa-capsules
1036193,DRAGON FRUIT CHEW,$6.99,['2 x 10 g Dragon Fruit'],5.0mg,2.5mg,https://www.bccannabisstores.com/products/dragon-fruit-chew-1
1038850,BLOOD ORANGE 1:5 SOFT CHEWS,$5.99,['10 x 4.6 g Blood Orange'],1.0mg,5.0mg,https://www.bccannabisstores.com/products/blood-orange-1-5-soft-chews
1036508,"SUMMIT 10 RASPBERRY LEMONADE
(BLEND)",$6.99,"['1 x 355 ml Raspberry, lemon']",8.5-10.0mg,0.0-1.15mg,https://www.bccannabisstores.com/products/summit-10-raspberry-lemonade
1030394,REFRESHER - LEMON LIME ZEST,$4.97,['1 x 12 g Lemon Lime'],9.0-10.0mg,0.0-1.0mg,https://www.bccannabisstores.com/products/refresher-lemon-lime-zest
1034917,SOUR OG CHEESE,$31.99,['3.5 g'],210.0-280.0mg/g,0.0-10.0mg/g,https://www.bccannabisstores.com/products/sour-og-cheese
1034511,NSA MILK CHOCOLATE COFFEE QUINOA,$3.97,['2 x 6 g NSA Milk Chocolate Coffee Quinoa'],5.0mg,0.0mg,https://www.bccannabisstores.com/products/nsa-milk-chocolate-coffee-quinoa
1035419,GRAPEFRUIT CBD SELTZER WATER,$5.99,['1 x 355 ml'],0.0-0.05mg,15.0mg,https://www.bccannabisstores.com/products/grapefruit-cbd-seltzer-water
1028380,PINK KUSH SHATTER,$39.99,['1 x 1 g'],700.0-800.0mg/g,0.0-0.05mg/g,https://www.bccannabisstores.com/products/pink-kush-shatter
1034651,GRAPEFRUIT GOD BUD 2.0 PRE-ROLLS,$21.99,['5 x 0.5 g'],200.0-250.0mg/g,0.0-10.0mg/g,https://www.bccannabisstores.com/products/grapefruit-god-bud-2-0-pre-rolls
1035914,"BLACK CHERRY PUNCH HASH ROSIN
(SAFARI PUNCH)",$54.99,['1 x 1 g'],740.0-840.0mg/g,0.0-50.0mg/g,https://www.bccannabisstores.com/products/black-cherry-punch-hash-rosin-1
1033273,TWIST PRE-ROLL,$6.99,['2 x 0.5 g'],160.0-220.0mg/g,0.0-10.0mg/g,https://www.bccannabisstores.com/products/twist-pre-roll
1036243,KUSH MINTS,$36.99,['3.5 g'],200.0-260.0mg/g,0.0-20.0mg/g,https://www.bccannabisstores.com/products/kush-mints-1
1038363,POMEGRANATE CBD SOFT CHEWS,$34.99,['30 x 4.6 g Pomegranate'],0.0mg,10.0mg,https://www.bccannabisstores.com/products/pomegranate-cbd-soft-chews
1035989,"GRAND DADDY PURPLE PREFIL VAPE CARTRIDGE
(GRAND DADDY PURPLE
)",$39.99,['1 x 1 g'],600.0-700.0mg/g,0.0-50.0mg/g,https://www.bccannabisstores.com/products/grand-daddy-purple-prefil-vape-cartridge
1034503,PURE CHEWS FIRE BURST,$5.99,['5 x 3 g Cinnamon'],1.8-2.0mg,0.0mg,https://www.bccannabisstores.com/products/pure-chews-fire-burst
1035765,ANYTIME 1:1 VAPE - GLACIAL FRESH MINT,$29.99,['1 x 1 g Glacial Fresh Mint'],400.0-420.0mg/g,400.0-420.0mg/g,https://www.bccannabisstores.com/products/anytime-1-1-vape-glacial-fresh-mint
1018662,DISSOLVABLE THC POWDER,$4.99,['1 x 0.45 g'],10.0mg,0.0mg,https://www.bccannabisstores.com/products/dissolvable-thc-powder-2
1037431,ANIMAL MINTS,$19.99,"['3.5 g', '28 g']",180.0-240.0mg/g,0.0-10.0mg/g,https://www.bccannabisstores.com/products/animal-mints
1035682,D BUBBA SHATTER,$39.99,['1 x 1 g'],700.0-800.0mg/g,0.0-0.05mg/g,https://www.bccannabisstores.com/products/d-bubba-shatter
1032911,EXTRA EASE CBD BODY LOTION,$27.97,['1 x 100 g'],25.0mg,500.0mg,https://www.bccannabisstores.com/products/extra-ease-cbd-body-lotion
1033505,CRAFT - PISTOL PARIS SUNSET SHERBERT,$39.99,['3.5 g'],200.0-240.0mg/g,0.0-10.0mg/g,https://www.bccannabisstores.com/products/craft-pistol-paris-sunset-sherbert
1035393,"232 INDICA BLACK CHERRY PUNCH LIVE CARTG
(BLACK CHERRY PUNCH
)",$39.99,['1 x 0.5 g'],850.0-950.0mg/g,0.0mg/g,https://www.bccannabisstores.com/products/232-indica-black-cherry-punch-live-cartg
1035732,APPLE NANO SHOT,$5.99,['1 x 28 ml Sour Apple'],10.0mg,0.85-1.15mg,https://www.bccannabisstores.com/products/apple-nano-shot
1027846,SAPPHIRE,$21.99,['1 x 2 g'],250.0-350.0mg/g,0.0-10.0mg/g,https://www.bccannabisstores.com/products/sapphire
1030006,DELAHAZE LIVE RESIN,$51.99,['1 x 1 g'],700.0mg/g,5.0mg/g,https://www.bccannabisstores.com/products/delahaze-live-resin
1033737,CBD GRAPEFRUIT BATH BOMB,$12.99,['1 x 270 g'],0.0-1.15mg,85.0-115.0mg,https://www.bccannabisstores.com/products/cbd-grapefruit-bath-bomb
1034990,CAKE CRASHER,$44.99,['3.5 g'],200.0-270.0mg/g,0.0-10.0mg/g,https://www.bccannabisstores.com/products/cake-crasher
1025832,PURPLE LA 3.5,$29.99,['3.5 g'],184.0-210.0mg/g,0.0-10.0mg/g,https://www.bccannabisstores.com/products/purple-la-3-5
1035948,DISTILLED THC 30 OIL,$34.99,['28.5 g'],27.0-33.0mg/g,0.0-2.0mg/g,https://www.bccannabisstores.com/products/distilled-thc-30-oil
1035351,"THC SELECT PACK PRE-ROLL
(GLUEBERRY OG, DREW'S DARK HELME AND KT GE)",$14.99,['3 x 0.5 g'],160.0-250.0mg/g,0.0-20.0mg/g,https://www.bccannabisstores.com/products/high-thc-select-pack-pre-roll
1029792,RAD INDICA CRUMBLE,$36.99,['1 x 1 g'],700.0-850.0mg/g,0.0-10.0mg/g,https://www.bccannabisstores.com/products/rad-indica-crumble
1037266,"BC STRAWNANA
(STRAWBERRY BANANA)",$39.99,['3.5 g'],250.0-300.0mg/g,0.0-20.0mg/g,https://www.bccannabisstores.com/products/bc-strawnana
1034198,CBD COOL STICK,$29.99,['1 x 30 g'],0.0mg,123.0mg,https://www.bccannabisstores.com/products/cbd-cool-stick
1035450,"CHERRY JAM PRE-ROLLS
(BCP
)",$12.99,['3 x 0.5 g'],200.0-260.0mg/g,0.0-10.0mg/g,https://www.bccannabisstores.com/products/cherry-jam-pre-rolls
1037506,ORGANIC BUBBA KUSH,$42.99,['3.5 g'],230.0-290.0mg/g,0.5mg/g,https://www.bccannabisstores.com/products/bubba-kush-2
1035559,MACSLURRY,$31.99,['3.5 g'],210.0-260.0mg/g,0.0-10.0mg/g,https://www.bccannabisstores.com/products/macslurry
1035427,STRAWBERRY CBD SELTZER WATER,$5.99,['1 x 355 ml'],0.0-0.05mg,15.0mg,https://www.bccannabisstores.com/products/strawberry-cbd-seltzer-water
1026293,BLENDCRAFT INDICA WAX,$29.97,"['1 x 0.5 g', '1 x 1 g']",600.0-850.0mg/g,0.0-150.0mg/g,https://www.bccannabisstores.com/products/blendcraft-wax
1036748,STRAWBERRY FIG BALSAMIC CHEWS,$6.99,['4 x 4.4 g Strawberry Fig Balsamic'],0.0mg,10.0mg,https://www.bccannabisstores.com/products/strawberry-fig-balsamic-chews
1035294,"GORILLA BERRY PRE-ROLL
(GLUEBERRY OG
)",$16.99,['3 x 0.5 g'],220.0-280.0mg/g,0.0-10.0mg/g,https://www.bccannabisstores.com/products/gorilla-berry-pre-roll
1036763,ORGANIC SOUR COOKIES,$29.99,['3.5 g'],200.0-240.0mg/g,0.0-10.0mg/g,https://www.bccannabisstores.com/products/organic-sour-cookies
1034297,SOUR CHEM,$31.99,['3.5 g'],200.0-220.0mg/g,0.0-10.0mg/g,https://www.bccannabisstores.com/products/sour-chem
1036540,CHOCOLATE CHEESECAKE,$21.99,['3.5 g'],190.0-250.0mg/g,0.0-20.0mg/g,https://www.bccannabisstores.com/products/chocolate-cheesecake
1037571,MEYER LEMON POPPYSEED CAKE,$8.99,['2 x 20 g Lemon'],5.0mg,5.0mg,https://www.bccannabisstores.com/products/meyer-lemon-poppyseed-cake
1037886,BRANDY WINE,$14.99,['3 x 0.5 g'],200.0-260.0mg/g,0.0-20.0mg/g,https://www.bccannabisstores.com/products/brandy-wine
1024157,"EXTRA STRENGTH BODY CREAM
(SILVER LEMONS
)",$59.99,['1 x 236 g'],100.0mg,100.0mg,https://www.bccannabisstores.com/products/extra-strength-body-cream
1037878,"FRUIT LIVE ROSIN
(BLACK CHERRY PUNCH
)",$59.99,"['1 x 1 g Cherry, Vanilla']",650.0-740.0mg/g,0.0-10.0mg/g,https://www.bccannabisstores.com/products/fruit-live-rosin
1037977,LEE ANNE WOMAC,$44.99,['3.5 g'],200.0-260.0mg/g,0.0-10.0mg/g,https://www.bccannabisstores.com/products/lee-anne-womac
1036003,BLACK TUNA,$29.97,['3.5 g'],190.0-230.0mg/g,0.0-10.0mg/g,https://www.bccannabisstores.com/products/black-tuna
1038835,"PURPLE CLEMENTINE #37 PRE-ROLLS
(MIMOSA #37
)",$12.99,['3 x 0.5 g'],200.0-250.0mg/g,0.0-10.0mg/g,https://www.bccannabisstores.com/products/purple-clementine-37-pre-rolls
1037076,CHEDDAR BOB PRE-ROLLS,$14.99,['3 x 0.5 g'],220.0-280.0mg/g,0.0-5.0mg/g,https://www.bccannabisstores.com/products/cheddar-bob-pre-rolls
1038702,MANGO KUSH PAX POD,$34.99,['1 x 0.5 g'],800.0-860.0mg/g,0.0-20.0mg/g,https://www.bccannabisstores.com/products/mango-kush-pax-pod
1034792,"OS. INDICA
(BLEND)",$16.99,"['3.5 g', '7 g']",170.0-200.0mg/g,0.0-10.0mg/g,https://www.bccannabisstores.com/products/os-indica-1
1033760,PHENOME OG SPIKE PRE-ROLLS,$12.99,['2 x 0.5 g'],210.0-280.0mg/g,0.0-10.0mg/g,https://www.bccannabisstores.com/products/phenome-og-spike-pre-rolls
1035880,INDICA,$114.99,['28 g'],200.0-230.0mg/g,0.0-10.0mg/g,https://www.bccannabisstores.com/products/indica-5
1035906,SESSION THC VAPE - GLACIAL FRESH MINT,$34.99,['1 x 1 g Glacial Fresh Mint'],800.0-840.0mg/g,0.0-20.0mg/g,https://www.bccannabisstores.com/products/session-thc-vape-glacial-fresh-mint
1036045,STONEGROVE - GELATO SORBET,$24.97,['3.5 g'],180.0-220.0mg/g,0.0-10.0mg/g,https://www.bccannabisstores.com/products/stonegrove-gelato-sorbet
1037365,232 SERIES SLURRICANE LIVE TERPENE CARTR,$56.99,['1 x 1 g Berries'],830.0-860.0mg/g,0.0mg/g,https://www.bccannabisstores.com/products/232-series-slurricane-live-terpene-cartr
1037746,HYCYCLE HYBRID,$36.99,['1 x 1 g Citrus Herb'],810.0-890.0mg/g,0.0-10.0mg/g,https://www.bccannabisstores.com/products/hycycle-hybrid
1038272,NORTHERN WIDOW SHATTER,$42.99,['1 x 1 g'],710.0-790.0mg/g,0.0-20.0mg/g,https://www.bccannabisstores.com/products/northern-widow-shatter
1037167,KOOTNAY'S FINEST JELLYSICKLE,$31.99,['3.5 g'],200.0-240.0mg/g,0.0-10.0mg/g,https://www.bccannabisstores.com/products/kootnays-finest-jellysickle
1039114,BLACKBERRY GELATO,$99.99,['28 g'],160.0-200.0mg/g,0.0-10.0mg/g,https://www.bccannabisstores.com/products/blackberry-gelato
1037472,MANDARIN KOOKIEZ,$36.99,['3.5 g'],220.0-270.0mg/g,0.0-50.0mg/g,https://www.bccannabisstores.com/products/mandarin-kookiez
1035625,"FRESH TUNAAAA DABS
(FRESH BISCOTTI 
)",$39.99,['1 x 1 g'],800.0-920.0mg/g,0.0-10.0mg/g,https://www.bccannabisstores.com/products/fresh-tunaaaa-dabs
1035658,"HOUSE SHATTER
(TRX SHATTER
)",$29.99,['1 x 0.5 g'],700.0-800.0mg/g,0.0-10.0mg/g,https://www.bccannabisstores.com/products/house-shatter
1033570,ALL-NATURAL LIP BALM,$5.97,['1 x 5 g'],0.0-0.1mg,50.0mg,https://www.bccannabisstores.com/products/all-natural-lip-balm
1036177,FRUITY PEBBLES OG PRE-ROLLS,$9.99,['2 x 0.5 g'],200.0-260.0mg/g,0.0-0.1mg/g,https://www.bccannabisstores.com/products/fruity-pebbles-og-pre-rolls
1036714,STONEFRUIT SUNSET,$29.99,['3.5 g'],190.0-250.0mg/g,0.0-100.0mg/g,https://www.bccannabisstores.com/products/stonefruit-sunset
1036334,"ORANGE MONKEY
(CHIMP MINTS
)",$21.99,"['3.5 g', '7 g']",200.0-260.0mg/g,0.0-10.0mg/g,https://www.bccannabisstores.com/products/orange-monkey
1036995,MINT CHIP VAPE CARTRIDGE,$39.99,['1 x 1 g Mint Chip Ice Cream'],800.0-840.0mg/g,2.0-10.0mg/g,https://www.bccannabisstores.com/products/mint-chip-vape-cartridge
1038629,PINEAPPLE BUDS PINEAPPLE PARTY,$39.99,['3.5 g'],240.0-290.0mg/g,0.0-10.0mg/g,https://www.bccannabisstores.com/products/pineapple-buds-pineapple-party
1030345,DUET BATH BOMBS - WILD ROSE & VANILLA,$17.97,['4 x 77 g'],31.88-43.13mg,31.88-43.13mg,https://www.bccannabisstores.com/products/raspberry-soft-chews
1038082,BC ORGANIC SWEET BUBBA PRE-ROLLS,$21.99,['3 x 0.5 g'],200.0-260.0mg/g,0.0-10.0mg/g,https://www.bccannabisstores.com/products/bc-organic-sweet-bubba-pre-rolls
1037258,LIVE TERP GUAVA X BC BLUEBERRY 510 CART,$46.99,['1 x 1 g'],714.0-814.0mg/g,0.0-10.0mg/g,https://www.bccannabisstores.com/products/live-terp-guava-x-bc-blueberry-510-cart
1036896,PAX MASTER KUSH CARTRIDGE,$29.99,"['1 x 0.5 g earth, pine, fuel']",780.0-830.0mg/g,0.0-30.0mg/g,https://www.bccannabisstores.com/products/pax-master-kush-cartridge
1035047,BC GOD BUD,$99.99,['28 g'],170.0-220.0mg/g,0.0-10.0mg/g,https://www.bccannabisstores.com/products/bc-god-bud
1037209,BLOOD ORANGE CARTRIDGE,$42.99,['1 x 1 g Blood Orange'],760.0-820.0mg/g,0.0-20.0mg/g,https://www.bccannabisstores.com/products/blood-orange-cartridge
1035476,"THE SILVERBACK #4 PRE-ROLLS
(GG#4)",$12.99,['3 x 0.5 g'],200.0-250.0mg/g,0.0-10.0mg/g,https://www.bccannabisstores.com/products/the-silverback-4-pre-rolls
1037712,RSO CAPSULES,$26.99,['25 capsules'],10.0mg,1.0mg,https://www.bccannabisstores.com/products/rso-capsules-1
1036870,BANANA KUSH VAPE CARTRIDGE,$49.99,"['1 x 1 g Banana, citrus, earthy']",770.0-830.0mg/g,0.0-10.0mg/g,https://www.bccannabisstores.com/products/banana-kush-vape-cartridge
1037936,CHOCOLATE CHIP COOKIE,$7.99,['1 x 22 g Chocolate'],8.5-10.0mg,0.0-0.3mg,https://www.bccannabisstores.com/products/chocolate-chip-cookie
1037902,"DURBAN - VAPE PEN
(DURBAN 
)",$14.99,"['1 x 0.25 g Fruity, Herbal, Minty']",720.0-800.0mg/g,0.0-10.0mg/g,https://www.bccannabisstores.com/products/durban-vape-pen
1038645,BLACK KETTLE FARMS FROSTED KUSH CAKE,$34.99,['3.5 g'],260.0-300.0mg/g,0.0-10.0mg/g,https://www.bccannabisstores.com/products/black-kettle-farms-frosted-kush-cake
1039015,PINK KUSH PRE-ROLLS,$19.99,['10 x 0.3 g'],170.0-230.0mg/g,0.0-10.0mg/g,https://www.bccannabisstores.com/products/pink-kush-pre-rolls-3
1036169,FRUITY PEBBLES OG,$29.99,['3.5 g'],200.0-260.0mg/g,0.0-0.1mg/g,https://www.bccannabisstores.com/products/fruity-pebbles-og
1033042,INDICA JS PRE-ROLLS,$14.99,['7 x 0.3 g'],140.0-220.0mg/g,0.0-1.0mg/g,https://www.bccannabisstores.com/products/indica-js-pre-rolls
1036060,AFGHANI DRIFTER TERP SLUSH,$35.99,['1 x 0.5 g'],750.0-850.0mg/g,0.0mg/g,https://www.bccannabisstores.com/products/afghani-drifter-terp-slush
1036151,WEDDING POOP,$29.99,['3.5 g'],200.0-260.0mg/g,0.0-2.0mg/g,https://www.bccannabisstores.com/products/wedding-poop
1036383,NANA PUNCH,$46.99,['7 g'],210.0-270.0mg/g,0.0-20.0mg/g,https://www.bccannabisstores.com/products/nana-punch
1034974,NINJA FRUIT VAPE CARTRIDGE,$39.99,['1 x 1 g'],810.0-880.0mg/g,0.0-10.0mg/g,https://www.bccannabisstores.com/products/ninja-fruit-vape-cartridge
1035377,CHEM HINDU GLUE,$17.99,"['3.5 g', '28 g']",200.0-270.0mg/g,0.0-10.0mg/g,https://www.bccannabisstores.com/products/chem-hindu-glue
1023589,"HAWAII HEARTBREAK
(HEADSTASH
)",$21.97,"['3.5 g', '7 g']",160.0-250.0mg/g,0.0-9.9mg/g,https://www.bccannabisstores.com/products/hawaii-heartbreak
1032515,PINEAPPLE EXPRESS PAX-ERA POD,$34.99,"['1 x 0.4 g Tropical, Sweet, Citrus']",750.0-900.0mg/g,0.0-10.0mg/g,https://www.bccannabisstores.com/products/pineapple-express-pax-era-pod
1030238,CHOCOLATE SNAX PURE MILK CHOCOLATE,$3.99,['1 x 42 g Milk Chocolate'],10.0mg,0.0-0.25mg,https://www.bccannabisstores.com/products/chocolate-snax-pure-milk-chocolate
1026913,TANGIE - VAPE CARTRIDGE,$19.99,['1 x 0.5 g'],750.0-850.0mg/g,0.0-0.1mg/g,https://www.bccannabisstores.com/products/tangie-vape-cartridge
1030436,"GLTO DISTILLATE VAPE
(GELATO)",$24.99,"['1 x 0.5 g', '1 x 1 g']",800.0-900.0mg/g,0.0-10.0mg/g,https://www.bccannabisstores.com/products/glto-distillate-vape
1031640,POWDERED DONUTS,$26.99,['3.5 g'],200.0-270.0mg/g,0.0-10.0mg/g,https://www.bccannabisstores.com/products/powdered-donuts
1027853,K4ILASH SEEDS,$39.99,['4 seeds'],180.0-280.0mg/g,0.0-10.0mg/g,https://www.bccannabisstores.com/products/k4ilash-seeds
1026004,TRAIL MIX DAYTRIP ECLIPSE PAX POD,$34.99,['1 x 0.5 g Sweet Earthy'],700.0-800.0mg/g,0.0-3.25mg/g,https://www.bccannabisstores.com/products/trail-mix-daytrip-eclipse-pax-pod
1034644,HIGH THC OIL,$34.99,['27.5 g'],27.8-36.0mg/g,0.0-2.91mg/g,https://www.bccannabisstores.com/products/high-thc-oil-1
1025345,JEAN GUY PRE-ROLLS,$7.99,['3 x 0.33 g'],170.0-250.0mg/g,0.0-9.9mg/g,https://www.bccannabisstores.com/products/jean-guy-pre-rolls-1
1035005,PENNYWISE 1:1,$21.99,['3.5 g'],60.0-100.0mg/g,60.0-100.0mg/g,https://www.bccannabisstores.com/products/pennywise-1-1
1035278,D. BUBBA PRE-ROLLS,$19.99,['10 x 0.3 g'],170.0-230.0mg/g,0.0-10.0mg/g,https://www.bccannabisstores.com/products/d-bubba-pre-rolls-1
1028752,MELON GUM PRE-ROLL,$9.99,['3 x 0.5 g'],200.0-250.0mg/g,0.0-10.0mg/g,https://www.bccannabisstores.com/products/melon-gum-pre-roll
1028836,TUTTI FRUTTI PRE-ROLL,$14.99,['3 x 0.5 g'],200.0-250.0mg/g,0.0-10.0mg/g,https://www.bccannabisstores.com/products/tutti-frutti-pre-roll
1034875,SALTED CARAMELS,$6.99,['2 x 6.5 g Caramel'],5.0mg,0.0mg,https://www.bccannabisstores.com/products/salted-caramels
1019843,KIEF DRY SIFT,$19.99,['1 x 1 g'],250.0-395.0mg/g,0.0-2.0mg/g,https://www.bccannabisstores.com/products/kief-dry-sift
1029198,SUMMER BERRY 510 CARTRIDGE,$42.99,['1 x 1 g'],770.0-850.0mg/g,0.0-2.0mg/g,https://www.bccannabisstores.com/products/summer-berry-510-cartridge
1034883,SOUR GUMMY VARIETY PACK,$5.99,"['5 x 4.5 g Wildberry, Lime, Pineapple, Strawberry, Grape']",2.0mg,0.0mg,https://www.bccannabisstores.com/products/sour-gummy-variety-pack
1028570,CRAFT BLUEBERRY GUMMIES,$6.99,['4 x 4 g Blueberry'],2.3-2.5mg,0.0mg,https://www.bccannabisstores.com/products/craft-blueberry-pate-de-fruits
1025105,WHITE WIDOW PRE-ROLL,$10.99,['2 x 0.5 g'],140.0-220.0mg/g,0.0-10.0mg/g,https://www.bccannabisstores.com/products/white-widow-pre-roll-1
1008614,ULTRA SOUR PRE-ROLL,$14.99,"['3 x 0.5 g', '5 x 0.5g']",150.0-200.0mg/g,0.0-10.0mg/g,https://www.bccannabisstores.com/products/ultra-sour-pre-roll
1032671,PINEAPPLE COCONUT INDICA SOUR GUMMIES,$7.99,['2 x 4.5 g Pineapple Coconut'],5.0mg,0.0mg,https://www.bccannabisstores.com/products/pineapple-coconut-indica-sour-gummies
1031558,COOL MINT CRUSH MILK CHOCOLATE,$3.99,['1 x 10 g Milk Chocolate  & Peppermint'],10.0mg,0.0mg,https://www.bccannabisstores.com/products/cool-mint-crush-milk-chocolate
1026509,"BASECAMP CBD ICED TEA
(BLEND)",$4.99,['1 x 355 ml CBD Iced tea'],0.0-1.0mg,10.0-15.0mg,https://www.bccannabisstores.com/products/basecamp-cbd-iced-tea
1029636,GHOST TRAIN HAZE UP20,$21.99,['3.5 g'],200.0-270.0mg/g,0.0-10.0mg/g,https://www.bccannabisstores.com/products/ghost-train-haze-up20
1021633,"SPARK
(SATIVA BLEND)",$17.99,['3.5 g'],150.0-180.0mg/g,0.0-2.5mg/g,https://www.bccannabisstores.com/products/spark
1024553,GRAPEFRUIT GG4,$22.97,['3.5 g'],170.0-240.0mg/g,0.0-2.5mg/g,https://www.bccannabisstores.com/products/the-general
1024538,SPARK BUDS,$62.99,['15 g'],150.0-183.0mg/g,0.0-2.5mg/g,https://www.bccannabisstores.com/products/spark-buds
1034578,ICE CREAM SANDWICH CHOCOLATE,$3.99,['2 x 5 g Ice Cream Sandwich'],5.0mg,0.0mg,https://www.bccannabisstores.com/products/ice-cream-sandwich-chocolate
1034206,CBD RELIEF STICK,$32.99,['1 x 30 g'],0.0mg,205.0mg,https://www.bccannabisstores.com/products/cbd-relief-stick
1028604,BIOMED SATIVA,$56.99,"['28 g', '15 g']",160.0-200.0mg/g,0.0-10.0mg/g,https://www.bccannabisstores.com/products/biomed-sativa
1036789,BLACK CHERRY PUNCH,$119.99,"['28 g', '3.5 g']",190.0-250.0mg/g,0.0-10.0mg/g,https://www.bccannabisstores.com/products/black-cherry-punch-3
1034701,ONE OUNCE SATIVA,$99.99,['28 g'],180.0-240.0mg/g,0.0-10.0mg/g,https://www.bccannabisstores.com/products/one-ounce-sativa
1034164,PEACHES & HONEY 1:1 GUMMIES,$6.99,['2 x 10 g Peaches & Honey'],5.0mg,5.0mg/g,https://www.bccannabisstores.com/products/peaches-honey-1-1-gummies
1032663,ORCHARD PEACH SATIVA SOUR GUMMIES,$7.99,['2 x 4.5 g Peach'],5.0mg,0.0mg,https://www.bccannabisstores.com/products/orchard-peach-sativa-sour-gummies
1035716,CBD OIL 1500,$32.99,['30 ml'],0.0-5.0mg/g,45.0-55.0mg/g,https://www.bccannabisstores.com/products/cbd-oil-1
1025170,"HYPERNOVA ADVANCED NANO THC OIL
(OMGUAVA
)",$47.99,['15 ml'],27.55-29.0mg/g,0.0-1.5mg/g,https://www.bccannabisstores.com/products/hypernova-advanced-nano-thc-oil
1024546,FLICKER BUDS,$62.99,['15 g'],150.0-180.0mg/g,0.0-2.5mg/g,https://www.bccannabisstores.com/products/flicker-buds
1036862,WILD BERRY BLAZE GUMMIES,$3.99,"['4 x 4.5 g berry, sweet']",2.5mg,10.0mg,https://www.bccannabisstores.com/products/wild-berry-blaze-gummies
1027564,BC ORGANIC APPLE TOFFEE PRE-ROLLS,$21.99,['3 x 0.5 g'],190.0-230.0mg/g,0.0-10.0mg/g,https://www.bccannabisstores.com/products/bc-organic-apple-toffee-pre-rolls
1031772,BALANCE PLUS 15:15 OIL,$34.99,['30 ml'],12.75-17.25mg/g,12.75-17.25mg/g,https://www.bccannabisstores.com/products/balance-plus-15-15-oil
1030766,"INDICA PRE-ROLL
(BLEND)",$34.99,"['1 x 1 g', '12 x 0.5 g']",170.0-230.0mg/g,0.0-1.0mg/g,https://www.bccannabisstores.com/products/indica-pre-roll-1
1033836,HERER HAZE FULL SPECTRUM 510 CARTRIDGE,$39.99,['1 x 1 g'],750.0-850.0mg/g,0.0-20.0mg/g,https://www.bccannabisstores.com/products/herer-haze-full-spectrum-510-cartridge
1037027,CINNAMON BISCUIT,$2.99,['1 x 13.5 g Cinnamon'],9.0-10.0mg,0.0-1.0mg,https://www.bccannabisstores.com/products/cinnamon-biscuit
1030295,BUBBLE HASH HIGH THC,$39.99,['1 x 1 g'],650.0-800.0mg/g,0.0-10.0mg/g,https://www.bccannabisstores.com/products/bubble-hash-high-thc
1037316,CBD OMEGA LEMON LAVENDER OIL,$21.99,['28 g'],0.0mg/g,27.0mg/g,https://www.bccannabisstores.com/products/cbd-omega-lemon-lavender-oil
1031012,BLUE IGUANA PRE-ROLL,$14.99,['3 x 0.5 g'],220.0-280.0mg/g,0.0-10.0mg/g,https://www.bccannabisstores.com/products/blue-iguana-pre-roll
1034784,OS. HASH SATIVA,$27.99,"['1 x 2 g Earthy, Woody']",300.0-390.0mg/g,0.0-20.0mg/g,https://www.bccannabisstores.com/products/os-hash-sativa
1024488,NUKEN,$21.99,['3.5 g'],170.0-220.0mg/g,0.0-5.0mg/g,https://www.bccannabisstores.com/products/nuken-2
1033919,LIVE TERP KILLER KUSH CARTRIDGE,$46.99,['1 x 1 g Sweet Citrus'],734.0-834.0mg/g,0.0-5.0mg/g,https://www.bccannabisstores.com/products/live-terp-killer-kush-cartridge
1031632,"NICE CREAM
(ICE CREAM CAKE)",$29.99,"['3.5 g', '7 g']",200.0-260.0mg/g,0.0-10.0mg/g,https://www.bccannabisstores.com/products/nice-cream
1036185,AMNESIA HAZE,$36.99,"['3.5 g', '28 g']",200.0-260.0mg/g,0.0-20.0mg/g,https://www.bccannabisstores.com/products/amnesia-haze
1028968,FROST MONSTER PRE-ROLL,$6.99,['1 x 0.5 g'],180.0-240.0mg/g,0.0-19.9mg/g,https://www.bccannabisstores.com/products/gabriola-pre-roll
1033729,CBD EUCALYPTUS BATH BOMB,$12.99,['1 x 270 g'],0.0-1.15mg,85.0-115.0mg,https://www.bccannabisstores.com/products/cbd-eucalyptus-bath-bomb
1034362,WARMING CBD MASSAGE OIL,$17.99,['1 x 25 g'],6.25mg,125.0mg,https://www.bccannabisstores.com/products/warming-cbd-massage-oil
1034545,ACAI BERRY BURST CHOCOLATE FRUIT CHEW,$5.97,['5 x 5 g Acai Berry Burst'],2.0mg,0.0mg,https://www.bccannabisstores.com/products/acai-berry-burst-chocolate-fruit-chew
1030469,DURBAN POISON DISTILLATE VAPE,$34.99,['1 x 1 g'],800.0-900.0mg/g,0.0-10.0mg/g,https://www.bccannabisstores.com/products/durban-poison-distillate-vape
1034149,"CBD PINNER PACK PRE-ROLLS
(GREAT WHITE SHARK
)",$22.99,['8 x 0.3 g'],40.0-70.0mg/g,95.0-130.0mg/g,https://www.bccannabisstores.com/products/cbd-pinner-pack-pre-rolls
1033752,LEMON HAZE FULL SPECTRUM CARTRIDGE,$21.99,['1 x 0.5 g'],700.0-760.0mg/g,0.0-5.0mg/g,https://www.bccannabisstores.com/products/lemon-haze-full-spectrum-cartridge
1033844,GELATO MINT,$26.99,['3.5 g'],200.0-260.0mg/g,0.0-10.0mg/g,https://www.bccannabisstores.com/products/gelato-mint
1036029,ORANGE TINGZ,$39.99,['3.5 g'],240.0-290.0mg/g,0.0-10.0mg/g,https://www.bccannabisstores.com/products/orange-tingz
1027671,OG CHEMDAWG LIVE RESIN,$51.99,['1 x 1 g'],600.0-800.0mg/g,0.0-0.5mg,https://www.bccannabisstores.com/products/og-chemdawg-resin
1033117,OG KUSH,$34.99,['3.5 g'],240.0-270.0mg/g,0.0-10.0mg/g,https://www.bccannabisstores.com/products/og-kush-ouest
1031269,SOUR PINEAPPLE CARTRIDGE,$42.99,['1 x 1 g Sour Pineapple'],750.0-850.0mg/g,0.0-50.0mg/g,https://www.bccannabisstores.com/products/sour-pineapple-cartridge
1037373,CBD 50 CAPSULES,$34.99,['30 capsules'],0.0mg,45.0-55.0mg,https://www.bccannabisstores.com/products/cbd-50-capsules
1037324,S'MORES CHOCOLATE,$3.99,['1 x 7.5 g'],10.0mg,0.0mg,https://www.bccannabisstores.com/products/smores-chocolate
1033588,THCA DIAMONDS,$49.99,['1 x 1 g'],800.0-900.0mg/g,0.0mg/g,https://www.bccannabisstores.com/products/thca-diamonds-icc
1036854,SOUR MEGAMELON GUMMIES,$3.99,['2 x 4.5 g'],5.0mg,0.0mg,https://www.bccannabisstores.com/products/sour-megamelon-gummies
1028281,GOLD ISLAND SWEET SKUNK PRE-ROLL,$15.99,['3 x 0.5 g'],180.0-240.0mg/g,0.0-10.0mg/g,https://www.bccannabisstores.com/products/gold-island-sweet-skunk-pre-roll
1037332,STRAWBERRY MILKSHAKE WHITE CHOCOLATE,$3.99,['1 x 10 g Strawberry Milkshake'],10.0mg,10.0mg,https://www.bccannabisstores.com/products/strawberry-milkshake-white-chocolate
1027416,DNA CHOCOLATE FONDUE PRE-ROLL,$26.99,"['5 x 0.5 g', '2 x 0.5 g']",190.0-240.0mg/g,0.0-1.0mg/g,https://www.bccannabisstores.com/products/dna-chocolate-fondue-pre-roll
1032440,UNICORN POOP,$34.99,['3.5 g'],250.0-300.0mg/g,0.0-10.0mg/g,https://www.bccannabisstores.com/products/unicorn-poop
1026129,INDICA,$99.99,['28 g'],140.0-200.0mg/g,0.0-19.9mg/g,https://www.bccannabisstores.com/products/indica-4
1035302,PLATINUM COOKIES,$21.99,['3.5 g'],200.0-260.0mg/g,0.0-10.0mg/g,https://www.bccannabisstores.com/products/platinum-cookies
1028695,GARLIC JELLY PRE-ROLL,$14.99,['3 x 0.5 g'],200.0-250.0mg/g,0.0-10.0mg/g,https://www.bccannabisstores.com/products/garlic-jelly-pre-roll
1034537,VERY CHERRY CHOCOLATE FRUIT CHEWS,$5.97,['5 x 5 g Very Cherry'],2.0mg,0.0mg,https://www.bccannabisstores.com/products/very-cherry-chocolate-fruit-chews
1033539,CHOCOLATE HASHBERRY BATH BOMB,$14.99,['1 x 130 g'],50.0mg,50.0mg,https://www.bccannabisstores.com/products/chocolate-hashberry-bath-bomb
1032697,THC CARAMEL MOCHA MILK CHOCOLATE,$3.99,"['1 x 10 g caramel, mocha']",10.0mg,0.0mg,https://www.bccannabisstores.com/products/thc-caramel-mocha-milk-chocolate
1033208,XMG CITRUS,$6.99,['1 x 236 ml Citus'],10.0mg,0.0-0.9mg,https://www.bccannabisstores.com/products/xmg-citrus
1035013,GOOD OL' HASH,$29.99,"['2 x 1 g Pungent, diesel, cirtus']",320.0-400.0mg/g,0.0-9.99mg/g,https://www.bccannabisstores.com/products/good-ol-hash
1037415,WEDDING PIE,$19.99,"['3.5 g', '28 g']",210.0-270.0mg/g,0.0-10.0mg/g,https://www.bccannabisstores.com/products/wedding-pie
1035757,"STRAWBERRY MANGO SATIVA SOURZ
(BLEND)",$5.99,['5 x 5 g Strawberry Mango'],2.0mg,0.0mg,https://www.bccannabisstores.com/products/strawberry-mango-sativa-sourz
1036201,ULTRA SOUR,$119.99,['28 g'],200.0-229.0mg/g,0.0-1.5mg/g,https://www.bccannabisstores.com/products/ultra-sour-3
1026111,SATIVA,$99.99,['28 g'],130.0-200.0mg/g,0.0-19.9mg/g,https://www.bccannabisstores.com/products/sativa-4
1021823,DURBAN - VAPE CARTRIDGE,$19.99,['1 x 0.5 g'],750.0-850.0mg/g,0.0-0.1mg/g,https://www.bccannabisstores.com/products/durban-vape-cartridge
1036268,ORGANIC MARRAKECH GOLD HASH,$26.99,['1 x 1 g'],400.0-460.0mg/g,0.0-10.0mg/g,https://www.bccannabisstores.com/products/organic-marrakech-gold-hash
1027218,NIGHT SHIFT BATH SALT,$29.99,['1 x 400 g'],100.0mg,100.0mg,https://www.bccannabisstores.com/products/night-shift-bath-salt
1029867,24K GOLD DRIED FLOWER,$18.97,['3.5 g'],180.0-240.0mg/g,0.0-9.99mg/g,https://www.bccannabisstores.com/products/24k-gold-dried-flower
1030683,PINK KUSH VAPE CARTRIDGE,$41.99,['1 x 1 g Pink Kush'],800.0-900.0mg/g,0.0-0.5mg/g,https://www.bccannabisstores.com/products/pink-kush-vape-cartridge
1034065,THC30 REGULAR FORMULA,$33.99,['30 ml'],27.0-34.5mg/g,0.0-1.0mg/g,https://www.bccannabisstores.com/products/thc30-regular-formula
1015130,"SATIVA PRE-ROLL
(BLEND)",$5.99,"['1 x 1 g', '12 x 0.5 g']",170.0-230.0mg/g,0.0-1.0mg/g,https://www.bccannabisstores.com/products/sativa-pre-roll-1
1027192,CBD SOFTGEL,$29.99,['30 capsules'],0.0-1.0mg,8.0-12.0mg,https://www.bccannabisstores.com/products/cbd-softgel
1020775,MANGO PASSIONFRUIT CBD SPAKLG BEVERAGE,$4.99,['1 x 269 ml Mango Passionfruit'],0.0-0.05mg,8.5-11.5mg,https://www.bccannabisstores.com/products/everie-mango-passionft-cbd-spaklg-bevege
1033851,PEACH NECTAR CBD GUMMIES,$18.99,['10 x 4.4 g Peach'],0.0mg,10.0mg,https://www.bccannabisstores.com/products/peach-nectar-cbd-gummies
1023514,MILK CHOCOLATE,$3.99,['1 x 10 g Milk Chocolate'],10.0mg,0.0mg,https://www.bccannabisstores.com/products/milk-chocolate-1
1018936,"INDICA 0.5 CARTRIDGE
(BLACKBERRY CREAM)",$27.99,['1 x 0.5 g'],765.0-935.0mg/g,7.6-9.4mg/g,https://www.bccannabisstores.com/products/indica-0-5-cartridge-1
1025493,SOUR KUSH,$114.99,['28 g'],190.0-250.0mg/g,0.0-9.9mg/g,https://www.bccannabisstores.com/products/sour-kush
1019561,CHOWIE WOWIE THC WATERMELON GUMMIES,$4.99,['4 x 2.5 g WATERMELON'],2.5mg,0.0mg,https://www.bccannabisstores.com/products/watermelon-gummies
1016864,CHOCOLATE SNAX MOCHA BAR,$3.99,"['1 x 42 g Chocolate, Coffee']",10.0mg,0.0mg,https://www.bccannabisstores.com/products/milk-coffee-chocolate
1024447,TROPIC LEMON 510 CARTRIDGE,$14.99,"['1 x 0.3 g Citrus', '1 x 1 g Citrus']",770.0-941.0mg/g,0.0-2.0mg/g,https://www.bccannabisstores.com/products/tropic-lemon-510-cartridge
1025006,SATIVA,$99.99,['28 g'],160.0-210.0mg/g,0.0-10.0mg/g,https://www.bccannabisstores.com/products/sativa-2
1023464,PINEAPPLE GUMMIES,$6.99,['4 x 4.3 g Pineapple'],2.5mg,0.0-0.3mg,https://www.bccannabisstores.com/products/pineapple-gummies-1
1019363,LAVENDER CHAMOMILE CBD TEA 3 PACK,$14.99,['3 x 3 g Lavender Chamomile'],0.0-0.03mg,8.5-11.5mg,https://www.bccannabisstores.com/products/lavender-chamomile-cbd-tea-3-pack
1027697,"DAYBREAK SATIVA HONEY OIL DROPS
(KALI MIST
)",$26.99,['30 ml'],17.0-23.0mg/g,0.0-1.0mg/g,https://www.bccannabisstores.com/products/daybreak-sativa-honey-oil-drops
1027705,NIGHTFALL INDICA HONEY OIL DROPS,$26.99,['30 ml'],17.0-23.0mg/g,0.0-1.0mg/g,https://www.bccannabisstores.com/products/nightfall-indica-honey-oil-drops
1027119,SATIVA THC SOFTGEL,$19.99,['30 capsules'],4.25-5.75mg,0.0-1.0mg,https://www.bccannabisstores.com/products/sativa-thc-softgel
1021237,MANGO SATIVA SOUR GUMMIES,$6.99,['2 x 4.5 g Mango'],5.0mg,0.0mg,https://www.bccannabisstores.com/products/mango-sativa-sour-gummies
1023423,BLASPBERRY GUMMIES,$9.99,['4 x 4.3 g Blue Raspberry'],2.5mg,0.0-0.3mg,https://www.bccannabisstores.com/products/blaspberry-gummies-1
1026673,HIGH CBD CAPSULE 30 COUNT,$39.99,['30 capsules'],0.0-2.0mg,25.0-35.0mg,https://www.bccannabisstores.com/products/high-cbd-capsule-30-count
1028927,"SPARK CARTRIDGE
(SATIVA BLEND)",$44.99,"['1 x 0.5 g Mango, Pineapple, Tropical', '1 x 1 g Mango, Pineapple, Tropical']",700.0-850.0mg/g,0.0-10.0mg/g,https://www.bccannabisstores.com/products/spark-cartridge
1022516,DARK CHOCOLATE,$3.99,['1 x 10 g Dark Chocolate'],10.0mg,0.0mg,https://www.bccannabisstores.com/products/dark-chocolate
1024744,"HIWAY HASH
(SENSI STAR)",$29.99,['1 x 2 g'],300.0-400.0mg/g,0.0-2.0mg/g,https://www.bccannabisstores.com/products/hiway-hash
1033406,GHOST TRAIN HAZE PRE-ROLL,$17.99,['10 x 0.35 g'],170.0-240.0mg/g,0.0-10.0mg/g,https://www.bccannabisstores.com/products/ghost-train-haze-pre-roll-2
1018282,"XMG TROPICAL FRUIT
(BLEND)",$6.99,['1 x 236 ml Tropical Fruit'],10.0mg,0.0-1.0mg,https://www.bccannabisstores.com/products/xmg-tropical-fruit
1029081,PIPE DREAM,$36.99,"['3.5 g', '28 g']",180.0-240.0mg/g,0.0-20.0mg/g,https://www.bccannabisstores.com/products/pipe-dream
1027002,SUPER LEMON HAZE SATIVA CARTIDGE,$21.99,"['1 x 0.45 g citrus, floral', '1 x 1 g citrus, floral']",680.0-920.0mg/g,0.0-1.0mg/g,https://www.bccannabisstores.com/products/super-lemon-haze-sativa-cartidge
1033224,PURPLE PUNCH,$99.99,['28 g'],175.0-230.0mg/g,0.0-10.0mg/g,https://www.bccannabisstores.com/products/purple-punch
1030782,SATIVA AND STRAWBERRY GUMMY,$4.99,['5 x 3.5 g Strawberry'],2.0mg,0.0-0.2mg,https://www.bccannabisstores.com/products/sativa-and-strawberry-gummy
1017490,CUCUMBER + MINT,$3.99,['1 x 355 ml Cucumber & Mint'],0.0-1.0mg,20.0mg,https://www.bccannabisstores.com/products/cucumber-mint
1032580,"AAA HYBRID
(WHITE WIDOW)",$99.99,['28 g'],150.0-210.0mg/g,0.0-20.0mg/g,https://www.bccannabisstores.com/products/aaa-hybrid
1015361,"NO. 407 SAPPHIRE DAZE PRE-ROLL
(SENSI STAR)",$4.99,"['1 x 0.5 g', '5 x 0.5g']",180.0-260.0mg/g,0.0-10.0mg/g,https://www.bccannabisstores.com/products/no-407-sapphire-daze-pre-roll
1030360,SOUR MEDLEY CHEWS,$5.99,"['5 x 3.2 g Sour Medley: Cherry, blue raspberry, watermelon, g']",1.7-2.5mg,0.0-0.2mg,https://www.bccannabisstores.com/products/sour-medley-chews
1016740,"LEMON Z PRE-ROLL
(LEMON ZKITTLE SKUNK)",$14.99,['3 x 0.5 g'],200.0-280.0mg/g,0.0-10.0mg/g,https://www.bccannabisstores.com/products/lemon-zkittle-skunk-pre-roll
1032655,STRAWBERRY LIME 1:1 SOUR GUMMIES,$7.99,['2 x 4.5 g Strawberry Lime'],5.0mg,5.0mg,https://www.bccannabisstores.com/products/strawberry-lime-1-1-sour-gummies
1034073,CBD 50 PLUS FORMULA,$46.99,"['20 ml', '30 ml']",0.0-2.4mg/g,42.5-57.5mg/g,https://www.bccannabisstores.com/products/cbd-50-plus-formula
1023381,8 BALL KUSH PRE-ROLL,$11.99,['2 x 0.5 g'],210.0-270.0mg/g,0.0-20.0mg/g,https://www.bccannabisstores.com/products/8-ball-kush-pre-roll
1025337,BLACKBERRY CREAM INDICA CARTRIDGE,$44.99,['1 x 1 g'],800.0mg/g,0.0mg/g,https://www.bccannabisstores.com/products/blackberry-cream-indica-cartridge
1026491,"SUMMIT 10 LEMONADE ICED TEA
(BLEND)",$6.99,['1 x 355 ml Lemon iced tea'],10.0mg,0.0-1.0mg,https://www.bccannabisstores.com/products/summit-10-lemonade-iced-tea
1031616,LEMON BERRY,$29.99,['3.5 g'],200.0-260.0mg/g,0.0-10.0mg/g,https://www.bccannabisstores.com/products/lemon-berry
1029925,WATERMELON GUMMIES,$6.99,['2 x 5 g Watermelon'],5.0mg,0.3mg,https://www.bccannabisstores.com/products/watermelon-gummies-1
1019603,"REDEE 510 CARTRIDGE SATIVA
(TRAINWRECK)",$21.97,['1 x 0.45 g'],770.0-870.0mg/g,0.0-10.0mg/g,https://www.bccannabisstores.com/products/redee-510-threaded-cartridge-1
1024025,SENSI WIZARD,$39.99,"['1 g', '3.5 g']",220.0-260.0mg/g,0.0-1.0mg/g,https://www.bccannabisstores.com/products/sensi-wizard
1024686,"DEALER'S PICK INDICA
(ROTATING STRAIN)",$109.99,"['28 g', '15 g', '3.5 g']",170.0-230.0mg/g,0.0-19.9mg/g,https://www.bccannabisstores.com/products/dealers-pick-indica
1025279,OS.RESERVE SATIVA BLEND,$109.99,"['28 g', '14 g', '7 g', '3.5 g']",200.0-270.0mg/g,0.0-10.0mg/g,https://www.bccannabisstores.com/products/os-reserve-sativa-blend
1022532,WHITE LIGHTNING,$39.99,"['3.5 g', '1 g']",240.0-300.0mg/g,0.0-1.0mg/g,https://www.bccannabisstores.com/products/white-lightning
1024199,GRANDDADDY PURPLE PRE-ROLL,$10.99,['3 x 0.35 g'],150.0-210.0mg/g,0.0-1.0mg/g,https://www.bccannabisstores.com/products/granddaddy-purple-pre-roll
1018290,"XMG MANGO PINEAPPLE
(BLEND)",$6.99,['1 x 236 ml Mango Pineapple'],10.0mg,0.0mg,https://www.bccannabisstores.com/products/xmg-mango-pineapple
1023522,DARK CHOCOLATE,$3.99,['1 x 10 g Dark Chocolate'],10.0mg,0.0mg,https://www.bccannabisstores.com/products/dark-chocolate-1
1029917,STRAWBERRY GUMMIES,$6.99,['2 x 5 g Strawberry'],5.0mg,0.3mg,https://www.bccannabisstores.com/products/strawberry-gummies
1006030,WHITE WIDOW,$23.97,"['3.5 g', '15 g', '7 g']",200.0-240.0mg/g,0.0-10.0mg/g,https://www.bccannabisstores.com/products/white-widow-2
1026996,HARD MAPLE CARAMEL,$5.99,['2 x 5 g maple caramel'],5.0mg,0.0mg,https://www.bccannabisstores.com/products/hard-maple-caramel
1026988,RASPBERRY MILK CHOCOLATE,$3.99,['1 x 10 g Raspberry Chocolate'],10.0mg,0.0mg,https://www.bccannabisstores.com/products/raspberry-milk-chocolate
1023092,HEADBAND PRE-ROLL,$9.99,['3 x 0.5 g'],170.0-230.0mg/g,0.0-10.0mg/g,https://www.bccannabisstores.com/products/headband-pre-roll-1
1026368,CBD 4:1 HONEY OIL CARTRIDGE,$26.99,['1 x 0.5 g'],127.5-172.5mg/g,510.0-690.0mg/g,https://www.bccannabisstores.com/products/cbd-4-1-honey-oil-cartridge
1032796,INDICA MOON CARTRIDGE,$39.99,"['1 x 0.5 g', '1 x 1 g']",650.0-800.0mg/g,0.0-100.0mg/g,https://www.bccannabisstores.com/products/indica-moon-cartridge
1023548,MONKEY GLUE,$114.99,"['28 g', '3.5 g']",160.0-240.0mg/g,0.0-9.9mg/g,https://www.bccannabisstores.com/products/monkey-glue
1026970,ORANGE DARK CHOCOLATE,$3.99,['1 x 10 g Orange Chocolate'],10.0mg,0.0mg,https://www.bccannabisstores.com/products/orange-dark-chocolate
1019348,VANILLA ROOIBOS CBD TEA 3 PACK,$14.99,['3 x 3 g Vanilla Rooibos'],0.0-0.03mg,8.5-11.5mg,https://www.bccannabisstores.com/products/vanilla-rooibos-cbd-tea-3-pack
1019298,PEACH GINGER GREEN CBD TEA (DECAF) 3 PK,$14.99,['3 x 3 g Peach Ginger'],0.0-0.03mg,8.5-11.5mg,https://www.bccannabisstores.com/products/peach-ginger-green-cbd-tea-decaf-3-pk
1008739,CALI-O,$21.99,"['1 g', '3.5 g', '7 g']",40.0-100.0mg/g,70.0-130.0mg/g,https://www.bccannabisstores.com/products/cali-o-northern-harvest
1019413,CBD DARK CHOCOLATE,$4.99,['1 x 16 g CHOCOLATE'],0.0-1.0mg,10.0-20.0mg,https://www.bccannabisstores.com/products/cbd-dark-chocolate
1024678,"DEALER'S PICK SATIVA
(ROTATING STRAIN)",$109.99,"['3.5 g', '15 g', '28 g']",170.0-230.0mg/g,0.0-19.9mg/g,https://www.bccannabisstores.com/products/dealers-pick-sativa
1034057,CBD 25 REGULAR FORMULA,$27.99,"['20 ml', '30 ml']",0.0-1.4mg/g,21.25-28.75mg/g,https://www.bccannabisstores.com/products/cbd-25-regular-formula
1016880,CHOCOLATE SNAX MINT BAR,$3.99,"['1 x 42 g Chocolate, Mint']",10.0mg,0.0mg,https://www.bccannabisstores.com/products/mlik-mint-chocolate
1030097,"DOSECANN CBD OIL
(BLEND)",$19.99,['30 ml'],1.0mg/g,25.0mg/g,https://www.bccannabisstores.com/products/dosecann-cbd-oil
1027721,15:15 BALANCE CBD OIL,$36.99,['30 ml'],12.8-17.3mg/g,12.8-17.3mg/g,https://www.bccannabisstores.com/products/15-15-balance-cbd-oil
1024223,BC ORGANIC BLUE DREAM,$39.99,"['3.5 g', '7 g']",180.0-240.0mg/g,0.0-10.0mg/g,https://www.bccannabisstores.com/products/bc-organic-blue-dream
1028711,BLUEBERRY INDICA SOUR GUMMIES,$6.99,['2 x 4.5 g Blueberry'],5.0mg,0.0mg,https://www.bccannabisstores.com/products/wana-blueberry-indica-sour-gummies
1022755,SUGARLEAF 1:5 OIL,$18.99,['30 ml'],1.91-2.34mg/g,10.21-11.1mg/g,https://www.bccannabisstores.com/products/sugarleaf-1-5-oil
1024116,CBD MILK CHOCOLATE,$3.99,['1 x 10 g Chocolate'],0.5mg,10.0mg,https://www.bccannabisstores.com/products/cbd-milk-chocolate
1018241,PINEAPPLE EXPRESS 510 CARTRIDGE,$31.99,"['1 x 0.5 g', '1 x 1 g']",760.0-900.0mg/g,0.0mg/g,https://www.bccannabisstores.com/products/pineapple-express-510-cartridge
1021781,SATIVA,$56.99,"['28 g', '14 g']",150.0-190.0mg/g,0.0-10.0mg/g,https://www.bccannabisstores.com/products/sativa-1
1026418,CBD EARTH CARTRIDGE,$27.99,['1 x 0.5 g'],31.88-43.13mg/g,637.5-862.5mg/g,https://www.bccannabisstores.com/products/cbd-earth-cartridge
1017532,DEEP SPACE CARBONATED DRINK,$6.99,['1 x 222 ml Bold & Mysterious'],10.0mg,0.0-1.0mg,https://www.bccannabisstores.com/products/deep-space-carbonated-drink
1025162,"LIGHT YEAR THC SOFTGELS
(ZKITTLEZ
)",$32.99,['30 capsules'],9.0-10.0mg,0.0-0.5mg,https://www.bccannabisstores.com/products/light-year-thc-softgels
1017557,"HOUNDSTOOTH & SODA
(C-LAND)",$3.99,['1 x 355 ml Houndstooth Terpenes & Soda Water'],2.0mg,0.0-1.0mg,https://www.bccannabisstores.com/products/houndstooth-soda
1024900,WATERMELON HYBRID SOUR GUMMIES,$6.99,['2 x 4.5 g Watermelon'],5.0mg,0.0mg,https://www.bccannabisstores.com/products/watermelon-hybrid-sour-gummies
1018951,"SATIVA CARTRIDGE
(STRAWBERRY ICE)",$27.99,"['1 x 0.5 g', '1 x 1 g']",850.0mg/g,8.5mg/g,https://www.bccannabisstores.com/products/sativa-0-5-cartridge-1
1027143,INDICA THC SOFTGEL,$19.99,['30 capsules'],4.25-5.75mg,0.0-1.0mg,https://www.bccannabisstores.com/products/indica-thc-softgel
1028935,"FLICKER CARTRIDGE
(INDICA BLEND)",$44.99,"['1 x 0.5 g Grape, Blueberry', '1 x 1 g Grape, Blueberry']",700.0-851.0mg/g,0.0-10.0mg/g,https://www.bccannabisstores.com/products/flicker-cartridge
1024272,"REIGN DROPS 15:15
(BLEND)",$37.99,['30 ml'],12.75-17.25mg/g,12.75-17.25mg/g,https://www.bccannabisstores.com/products/reign-drops-15-16
1024751,TWD SATIVA,$109.99,"['28 g', '15 g', '7 g', '3.5 g']",170.0-230.0mg/g,0.0-1.0mg/g,https://www.bccannabisstores.com/products/twd-sativa
1024132,"CBD GEMS 0:10
(BLEND)",$11.99,['15 capsules'],0.0-0.45mg,9.0-11.0mg,https://www.bccannabisstores.com/products/cbd-gems
1027531,ONE OUNCE HYBRID,$99.99,['28 g'],190.0-250.0mg/g,0.0-10.0mg/g,https://www.bccannabisstores.com/products/one-ounce
1019199,"PEACH SERENE GUMMIES
(BLEND)",$9.99,['5 x 4.3 g PEACH'],0.0-0.6mg,10.0mg,https://www.bccannabisstores.com/products/peach-serene-gummies
1026459,PINK KUSH,$119.99,"['28 g', '7 g', '3.5 g']",180.0-260.0mg/g,0.0-10.0mg/g,https://www.bccannabisstores.com/products/pink-kush-3-5g
1024264,"CBD REIGN DROPS
(BLEND)",$11.99,['30 ml'],0.0-1.0mg/g,12.75-17.25mg/g,https://www.bccannabisstores.com/products/cbd-reign-drops
1019496,PINEAPPLE MANGO GUMMIES,$4.99,['4 x 2.5 g Pineapple Mango'],2.5mg,2.5mg,https://www.bccannabisstores.com/products/mango-pineapple-gummies
1024033,"PURE SUN CBD
(CANNATONIC)",$21.99,"['3.5 g', '7 g']",0.0-10.0mg/g,140.0-200.0mg/g,https://www.bccannabisstores.com/products/pure-sun-cbd
1020635,WHITE RHINO PRE-ROLL,$9.99,['3 x 0.5 g'],170.0-220.0mg/g,0.0-10.0mg/g,https://www.bccannabisstores.com/products/white-rhino-pre-roll-1
1017441,"BAKERSTREET & PEPPERMINT MLK CHOCOLATE
(HINDU KUSH)",$5.99,['4 x 8 g Milk Chocolate & Peppermint'],2.5mg,0.0-0.25mg,https://www.bccannabisstores.com/products/bakerstreet-peppermint-mlk-chocolate
1028729,POMEGRANATE BLUEBERRY ACAI 5:1 SOUR GUMM,$6.99,['2 x 4.5 g Berry'],5.0mg,25.0mg,https://www.bccannabisstores.com/products/wana-pomegranate-blueberry-acai-5-1-sour
1016716,"LIMELIGHT
(ULTRA SOUR)",$29.99,"['7 g', '3.5 g', '1 g']",200.0-270.0mg/g,0.0-2.5mg/g,https://www.bccannabisstores.com/products/limelight
1025295,OS.RESERVE INDICA BLEND,$109.99,"['28 g', '14 g', '7 g', '3.5 g']",200.0-270.0mg/g,0.0-10.0mg/g,https://www.bccannabisstores.com/products/os-reserve-indica-blend
1028703,JAPANESE CITRUS YUZU 2:1 SOUR GUMMIES,$6.99,['2 x 4.5 g Citrus'],5.0mg,10.0mg,https://www.bccannabisstores.com/products/wana-japanese-citrus-yuzu-2-1-sour-gummi
1016161,ISLAND HONEY,$39.99,"['7 g', '3.5 g', '1 g']",160.0-190.0mg/g,0.0-5.0mg/g,https://www.bccannabisstores.com/products/island-honey-1
1024868,CARAMEL CHOCOLATE 1:1,$3.99,['1 x 10 g Caramel'],10.0mg,10.0mg,https://www.bccannabisstores.com/products/caramel-chocolate-1-1
1003805,SENSI STAR PRE-ROLL,$12.99,"['3 x 0.5 g', '1 x 1 g']",160.0-250.0mg/g,0.0-10.0mg/g,https://www.bccannabisstores.com/products/sensi-star-indica-spinach-preroll
1021252,INDICA,$54.99,"['28 g', '15 g', '7 g', '3.5 g']",150.0-230.0mg/g,0.0-10.0mg/g,https://www.bccannabisstores.com/products/indica
1014653,PINK KUSH SOFTGEL,$46.99,['30 capsules'],5.0-8.0mg,0.0-0.5mg,https://www.bccannabisstores.com/products/pink-kush-softgel
1023555,GRAPE OASIS GUMMIES,$7.99,['4 x 4.3 g Grape'],2.5mg,0.0-0.3mg,https://www.bccannabisstores.com/products/grape-oasis-gummies-1
1023530,JEAN GUY,$114.99,"['28 g', '3.5 g', '1 g']",170.0-250.0mg/g,0.0-9.9mg/g,https://www.bccannabisstores.com/products/jean-guy
1006089,PINK KUSH,$36.99,"['3.5 g', '28 g']",220.0-270.0mg/g,0.0-50.0mg/g,https://www.bccannabisstores.com/products/pink-kush-2
1008770,STRAWBERRY ICE,$21.99,"['7 g', '3.5 g', '1 g']",170.0-230.0mg/g,0.0-10.0mg/g,https://www.bccannabisstores.com/products/strawberry-ice
1021286,SATIVA,$54.99,"['28 g', '15 g', '7 g', '3.5 g']",150.0-230.0mg/g,0.0-10.0mg/g,https://www.bccannabisstores.com/products/sativa
1022508,MILK CHOCOLATE,$3.99,['1 x 10 g Milk Chocolate'],10.0mg,0.0mg,https://www.bccannabisstores.com/products/milk-chocolate
1024256,"GEMS 5:5
(BLEND)",$19.99,"['30 capsules', '15 capsules']",4.25-5.75mg,4.25-5.75mg,https://www.bccannabisstores.com/products/gems-5-5
1027754,"AFGHAN KUSH
(AFGHANI)",$119.99,"['28 g', '7 g', '3.5 g', '1 g']",180.0-220.0mg/g,0.0-5.0mg/g,https://www.bccannabisstores.com/products/afghan-kush
1024918,STRAWBERRY LEMONADE 1:1 SOUR GUMMIES,$6.99,['2 x 4.5 g Strawberry Citrus'],5.0mg,5.0mg,https://www.bccannabisstores.com/products/strawberry-lemonade-1-1-sour-gummie
1003748,DANCEHALL PRE-ROLL,$12.99,"['3 x 0.5 g', '1 x 1g']",40.0-120.0mg/g,40.0-120.0mg/g,https://www.bccannabisstores.com/products/dancehall-preroll-spinach
1017482,PASSIONFRUIT + GUAVA,$3.99,['1 x 355 ml Passionfruit & Guava'],0.0-1.0mg,20.0mg,https://www.bccannabisstores.com/products/passionfruit-guava
1036730,BLACKBERRY MERLOT 1:4 CHEWS,$6.99,"['4 x 4.05 g Blackberry, cherry, Merlot']",2.5mg,10.0mg,https://www.bccannabisstores.com/products/blackberry-merlot-1-4-chews
1030261,BUBBLE HASH MID THC,$34.99,['1 x 1 g'],500.0-650.0mg/g,0.0-10.0mg/g,https://www.bccannabisstores.com/products/bubble-hash-mid-thc
1037563,CHOCOLATE BROWNIE,$8.99,['2 x 20 g Chocolate'],5.0mg,2.5mg,https://www.bccannabisstores.com/products/chocolate-brownie
1037621,HAWAIIAN DREAM LIMITED EDITION,$29.99,['3.5 g'],200.0-260.0mg/g,0.0-19.9mg/g,https://www.bccannabisstores.com/products/hawaiian-dream-limited-edition
1030014,PINK KUSH LIVE RESIN,$51.99,['1 x 1 g'],700.0mg/g,5.0mg/g,https://www.bccannabisstores.com/products/pink-kush-live-resin
1033976,WEDDING CAKE PRE-ROLLS,$12.99,['3 x 0.5 g'],180.0-260.0mg/g,0.0-10.0mg/g,https://www.bccannabisstores.com/products/wedding-cake-pre-rolls-1
1028588,BLACKBERRY LEMONADE 1:2 GUMMIES,$6.99,['4 x 4.4 g Blackberry Lemonade'],2.5mg,5.0mg,https://www.bccannabisstores.com/products/craft-blackberry-lemonade-pate-de-fruits
1036144,RASPBERRY GUMMIES,$6.99,['2 x 10 g Raspberry'],5.0mg,0.5mg,https://www.bccannabisstores.com/products/raspberry-gummies-3
1035807,MANGO NANO SHOT,$5.99,['1 x 28 ml Mango'],10.0mg,0.85-1.15mg,https://www.bccannabisstores.com/products/mango-nano-shot
1036292,I.C.C,$119.99,['28 g'],190.0-220.0mg/g,0.0-1.5mg/g,https://www.bccannabisstores.com/products/i-c-c-1
1034123,"CRAFT SELECT PACK PRE-ROLL
(POWDERED DONUTS, MOTHER OF BERRIES OG,RC DREAMZICL)",$17.99,['3 x 0.5 g'],180.0-280.0mg,0.0-20.0mg/g,https://www.bccannabisstores.com/products/craft-select-pack-pre-roll
1034453,LAVENDER FIZZ,$7.97,['1 x 85 g'],0.0-0.85mg,100.0mg,https://www.bccannabisstores.com/products/lavender-fizz
1033695,JEAN GUY FULL SPECTRUM CARTRIDGE,$21.99,['1 x 0.5 g'],700.0-750.0mg/g,0.0-5.0mg/g,https://www.bccannabisstores.com/products/jean-guy-full-spectrum-cartridge
1021773,INDICA,$56.99,"['28 g', '14 g']",180.0-230.0mg/g,0.0-10.0mg/g,https://www.bccannabisstores.com/products/indica-2
1020759,LEMON & LIME CBD SPARKLING BEVERAGE,$4.99,['1 x 269 ml Lemon & Lime'],0.0-0.05mg,8.5-11.5mg,https://www.bccannabisstores.com/products/everie-lemon-lime-cbd-sparkling-beve
1014752,"GEMS 5:0
(BLEND)",$10.99,['15 capsules'],4.5-5.5mg,0.0-0.1mg,https://www.bccannabisstores.com/products/gems-5-0
1012939,"BALANCE
(NORDLE)",$21.99,"['3.5 g', '1 g']",25.0-125.0mg/g,45.0-145.0mg/g,https://www.bccannabisstores.com/products/balance
1002518,"BALANCE OIL
(BLEND)",$17.99,['30 ml'],4.26-6.26mg/g,4.26-6.26mg/g,https://www.bccannabisstores.com/products/balance-oil
1023621,RASPBERRY GUMMIES,$7.99,['4 x 4.3 g Raspberry'],2.5mg,0.0-0.3mg,https://www.bccannabisstores.com/products/raspberry-gummies-1
1011550,FROST MONSTER,$36.99,"['7 g', '3.5 g', '1 g']",170.0-230.0mg/g,0.0-1.99mg/g,https://www.bccannabisstores.com/products/gabriola
1015924,PUR DEW CBD OIL,$44.99,['30 ml'],1.49-1.7mg/g,25.53-27.66mg/g,https://www.bccannabisstores.com/products/pur-dew-cbd-oil
1027747,WHITE RHINO,$119.99,"['28 g', '7 g', '3.5 g', '1 g']",180.0-220.0mg/g,0.0-5.0mg/g,https://www.bccannabisstores.com/products/white-rhino-1
1019082,SALTED CARAMEL CHOCOLATE SQUARE,$4.99,['1 x 10 g'],10.0mg,10.0mg,https://www.bccannabisstores.com/products/salted-caramel-chocolate-square
1013465,CHOCOLATE FONDUE,$31.99,"['7 g', '3.5 g', '1 g']",210.0-270.0mg/g,0.0-1.0mg/g,https://www.bccannabisstores.com/products/chocolate-fondue
1003490,"RUXTON
(SOUR OG)",$36.99,"['7 g', '3.5 g', '1 g']",190.0-250.0mg/g,0.0-19.9mg/g,https://www.bccannabisstores.com/products/ruxton
1019512,SOLID THC/CBD MILK CHOCOLATE,$4.99,['1 x 16 g CHOCOLATE'],8.0-10.0mg,8.0-10.0mg,https://www.bccannabisstores.com/products/solid-thc-cbd-milk-chocolate
1002930,THC CBD INDICA,$18.99,"['7 g', '3.5 g', '1 g']",5-7%,10-13%,https://www.bccannabisstores.com/products/cbd-thc-biomed
1005404,DONEGAL (GREEN CUSH),$26.99,"['15 g', '7 g', '3.5 g', '1 g']",210.0-270.0mg/g,0.0-1.0mg/g,https://www.bccannabisstores.com/products/donegal
1002005,COLD CREEK KUSH,$37.99,"['28 g', '15 g', '7 g', '3.5 g', '1 g']",192.0-240.0mg/g,0.0-0.7mg/g,https://www.bccannabisstores.com/products/cold-creek-kush
1004720,DELAHAZE,$59.99,"['7 g', '3.5 g', '1 g']",200.0-280.0mg/g,0.0-1.0mg/g,https://www.bccannabisstores.com/products/delahaze
1002880,THC INDICA LANDRACE,$31.99,"['7 g', '3.5 g', '1 g']",170.0-240.0mg/g,0.0-10.0mg/g,https://www.bccannabisstores.com/products/thc-indica-thc-biomed
1001825,WAPPA,$67.99,"['15 g', '7 g', '3.5 g', '1 g']",180.0-260.0mg/g,0.0-10.0mg/g,https://www.bccannabisstores.com/products/wappa
1018993,PEACH MANGO CHEWS 2 PC,$5.99,['2 x 5 g'],5.0mg,5.0mg,https://www.bccannabisstores.com/products/peach-mango-2-pack-chews
1019470,"REIGN DROPS 30:0
(BLEND)",$34.99,"['30 ml', '40 ml']",25.5-34.5mg/g,0.0-1.0mg/g,https://www.bccannabisstores.com/products/reign-drops
1021872,JACK HAZE PRE-ROLL,$10.99,['2 x 0.5 g'],170.0-230.0mg/g,0.0-10.0mg/g,https://www.bccannabisstores.com/products/jack-haze-pre-roll
1023506,MAC 1 PRE ROLL,$14.99,['2 x 0.5 g'],220.0-300.0mg/g,0.0-10.0mg/g,https://www.bccannabisstores.com/products/mac-1-pre-roll
1002278,MK ULTRA,$19.99,"['7 g', '3.5 g', '1 g']",170.0-250.0mg/g,0.0-1.0mg/g,https://www.bccannabisstores.com/products/mk-ultra-aurora
1026335,SATIVA HONEY OIL CARTRIDGE,$26.99,['1 x 0.5 g'],650.0-800.0mg/g,0.0-100.0mg/g,https://www.bccannabisstores.com/products/sativa-honey-oil-cartridge
1030428,"BLUE SKITZ DISTILLATE VAPE
(BLUE ZKITTLES)",$24.99,"['1 x 0.5 g', '1 x 1 g']",800.0-900.0mg/g,0.0-10.0mg/g,https://www.bccannabisstores.com/products/blue-skitz-distillate-vape
1030139,CBD 2:1 510 VAPE CARTRIDGE,$27.99,['1 x 0.5 g'],220.0-280.0mg/g,520.0-580.0mg/g,https://www.bccannabisstores.com/products/cbd-2-1-510-vape-cartridge
1029057,BLUEBERRY + ACAI,$3.99,['1 x 355 ml Blueberry & Acai'],2.0mg,2.0mg,https://www.bccannabisstores.com/products/blueberry-acai
1028976,"PURE SUN CBD FULL SPECTRUM 510 CARTRIDGE
(CANNATONIC
)",$27.99,['1 x 0.5 g'],25.0-45.0mg/g,690.0-790.0mg/g,https://www.bccannabisstores.com/products/pure-sun-cbd-full-specturm-510-cartridge
1029073,GINGER + LIME,$3.99,['1 x 355 ml Ginger & Lime'],2.0mg,2.0mg,https://www.bccannabisstores.com/products/ginger-lime
1036672,OG KUSH VAPE CARTRIDGE,$42.99,"['1 x 0.5 g Earthy, Pine', '1 x 1 g']",750.0-850.0mg/g,0.0-30.0mg/g,https://www.bccannabisstores.com/products/og-kush-510-vape-cartridge
1030840,PEANUT BUTTER MAC,$44.99,['3.5 g'],200.0-260.0mg/g,0.0-10.0mg/g,https://www.bccannabisstores.com/products/peanut-butter-mac
1023746,NO. 515 NOISY NEIGHBOUR,$29.99,['3.5 g'],200.0-250.0mg/g,0.0-10.0mg/g,https://www.bccannabisstores.com/products/no-515-noisy-neighbour
1028539,MINT CBD TEA,$14.99,['3 x 3 g Mint'],0.0-0.3mg,10.0mg,https://www.bccannabisstores.com/products/mint-cbd-tea
1022011,"MARLEY GREEN
(BLUE DREAM)",$29.99,['3.5 g'],190.0-280.0mg/g,0.0-10.0mg/g,https://www.bccannabisstores.com/products/marley-green
1034552,SCORE! TOFFEE CRUNCH CHOCOLATE,$3.99,['2 x 5 g Toffee Crunch'],5.0mg,0.0mg,https://www.bccannabisstores.com/products/score-toffee-crunch-chocolate
1036664,SUPER SOUR DIESEL 510 VAPE CARTRIDGE,$42.99,"['1 x 0.5 g Earthy, Skunky', '1 x 1 g']",750.0-850.0mg/g,0.0-30.0mg/g,https://www.bccannabisstores.com/products/super-sour-diesel-510-vape-cartridge
1020767,DRAGON FRUIT WATERMELON CBD BEVERAGE,$4.99,['1 x 269 ml Dragon Fruit Watermelon'],0.0-0.05mg,8.5-11.5mg,https://www.bccannabisstores.com/products/everie-dragon-frut-watrmeln-cbd-spa-beve
1032762,"SATIVA HONEY OIL DROPS
(KALI MIST
)",$32.99,['30 ml'],25.5-34.0mg/g,0.0mg/g,https://www.bccannabisstores.com/products/sativa-honey-oil-drops
1033281,DOZEN PRE-ROLL SATIVA,$21.99,['12 x 0.35 g'],160.0-220.0mg/g,0.0-10.0mg/g,https://www.bccannabisstores.com/products/dozen-pre-roll-sativa
1033950,BLUE DREAM,$99.99,['28 g'],170.0-230.0mg/g,0.0-10.0mg/g,https://www.bccannabisstores.com/products/blue-dream-2
1023761,THC KISS GUAVA SHOT,$3.99,['1 x 30 ml Guava'],9.0-10.0mg,0.0-1.0mg,https://www.bccannabisstores.com/products/thc-kiss-cannabis-beverage-shot
1028562,CRAFT SOUR PEACH GUMMIES,$6.99,['4 x 4.5 g Peach'],2.3-2.5mg,0.0mg,https://www.bccannabisstores.com/products/craft-sour-peach-pate-de-fruits
1032770,"INDICA HONEY OIL DROPS
(PINK KUSH
)",$32.99,['30 ml'],25.5-34.0mg/g,0.0-1.0mg/g,https://www.bccannabisstores.com/products/indica-honey-oil-drops
1028745,SAGE N' SOUR FLOWER,$29.99,"['3.5 g', '14 g']",210.0-280.0mg/g,0.0-10.0mg/g,https://www.bccannabisstores.com/products/sage-n-sour-flower
1023910,PURPLE MONKEY 510 CARTRIDGE,$31.99,"['1 x 0.5 g Grape, Citrus, Fruity', '1 x 1 g Grape, Citrus, Fruity']",760.0-900.0mg/g,0.0-10.0mg/g,https://www.bccannabisstores.com/products/purple-monkey-510-cartridge
1029578,WILD STRAWBERRY SOFT CHEWS,$4.97,['5 x 4.6 g Strawberry'],2.0mg,0.0mg,https://www.bccannabisstores.com/products/wild-strawberry-soft-chews
1019769,1:1 TRANSDERMAL CREAM,$49.99,['1 x 50 g'],2.2-2.5mg/g,2.2-2.5mg/g,https://www.bccannabisstores.com/products/topical-cream-1
1032333,THC 30:0 OIL,$36.99,['30 ml'],30.0mg/g,0.0-0.99mg/g,https://www.bccannabisstores.com/products/thc-30-0-oil
1029032,ICE MILK CHOCOLATE,$3.99,['1 x 10 g Milk Chocolate and Peppermint'],10.0mg,0.0mg,https://www.bccannabisstores.com/products/ice-milk-chocolate
1027010,FORBIDDEN FRUIT INDICA CARTRIDGE,$21.99,"['1 x 0.45 g citrus, earthy', '1 x 1 g citrus, earthy']",680.0-920.0mg/g,0.0-1.0mg/g,https://www.bccannabisstores.com/products/forbidden-fruit-indica-cartridge
1028620,BIOMED HYBRID,$56.99,"['28 g', '15 g']",160.0-200.0mg/g,0.0-10.0mg/g,https://www.bccannabisstores.com/products/biomed-hybrid
1030063,"DOSECANN CBD CAPSULES
(BLEND)",$34.99,['30 capsules'],1.0mg,25.0mg,https://www.bccannabisstores.com/products/dosecann-cbd-capsules
1028133,TROPIC THUNDER J'S PRE-ROLLS,$39.99,['14 x 0.5 g'],180.0-244.0mg/g,0.0-7.0mg/g,https://www.bccannabisstores.com/products/tropic-thunder-js-pre-roll
1034925,STICKY BUNS,$24.99,"['3.5 g', '7 g']",220.0-280.0mg/g,0.0-10.0mg/g,https://www.bccannabisstores.com/products/sticky-buns
1029966,SOUR BLACK CHERRY THC GUMMIES,$6.99,['4 x 4.4 g Black Cherry'],2.5mg,0.0mg,https://www.bccannabisstores.com/products/sour-black-cherry-thc-gummies
1033968,GELATO 33,$42.99,['3.5 g'],250.0-310.0mg/g,0.0-2.0mg/g,https://www.bccannabisstores.com/products/gelato-33
1029875,BC BLACK CHERRY,$31.99,['3.5 g'],200.0-250.0mg/g,0.0-10.0mg/g,https://www.bccannabisstores.com/products/bc-black-cherry
1032705,THC COOKIES & CREAM WHITE CHOCOLATE,$3.99,"['1 x 10 g cookies and cream, white chocolate']",10.0mg,0.0mg,https://www.bccannabisstores.com/products/thc-cookies-cream-white-chocolate
1032788,SATIVA SUN CARTRIDGE,$39.99,"['1 x 0.5 g', '1 x 1 g']",650.0-800.0mg/g,0.0-100.0mg/g,https://www.bccannabisstores.com/products/sativa-sun-cartridge
1029206,SUNSET PEACH 510 CARTRIDGE,$42.99,['1 x 1 g'],770.0-850.0mg/g,0.0-2.0mg/g,https://www.bccannabisstores.com/products/sunset-peach-510-cartridge
1033299,INDICA 30 PRE-ROLL,$17.99,['3 x 0.5 g'],280.0-350.0mg/g,0.0-10.0mg/g,https://www.bccannabisstores.com/products/indica-30-pre-roll
1026327,INDICA HONEY OIL CARTRIDGE,$26.99,['1 x 0.5 g'],650.0-800.0mg/g,0.0-100.0mg/g,https://www.bccannabisstores.com/products/indica-honey-oil-cartridge
1035500,MANGO HAZE PRE-ROLLS,$17.99,['10 x 0.35 g'],40.0-80.0mg/g,70.0-120.0mg/g,https://www.bccannabisstores.com/products/mango-haze-pre-rolls
1034305,HIGH THC CAPSULE 30 COUNT,$29.99,['30 capsules'],7.5-11.0mg,0.0-2.0mg,https://www.bccannabisstores.com/products/high-thc-capsule-30-count
1031178,STRAWBERRY DIESEL JELLY BOMB 10MG,$3.99,['1 x 5 g Strawberry Diesel'],8.5-10.0mg,0.0mg,https://www.bccannabisstores.com/products/strawberry-diesel-jelly-bomb-10mg
1022318,BLUE DREAM PRE-ROLL,$12.99,['3 x 0.5 g'],160.0-240.0mg/g,0.0-10.0mg/g,https://www.bccannabisstores.com/products/blue-dream-pre-roll
1026012,TRAIL MIX MOONLIGHT SHADOWS PAX POD,$34.99,['1 x 0.5 g Grape Earthy'],700.0-800.0mg/g,0.0-3.25mg/g,https://www.bccannabisstores.com/products/trail-mix-moonlight-shadows-pax-pod
1028919,KUSH MINT HYBRID CARTRIDGE,$39.99,['1 x 1 g mint'],680.0-920.0mg/g,0.0mg/g,https://www.bccannabisstores.com/products/kush-mint-hybrid-cartridge
1036094,PLATINUM GSC PRE-ROLL,$14.99,['3 x 0.5 g'],220.0-280.0mg/g,0.0-20.0mg/g,https://www.bccannabisstores.com/products/platinum-gsc-pre-roll
1036409,PINEAPPLE EXPRESS,$114.99,['28 g'],180.0-240.0mg/g,0.0-20.0mg/g,https://www.bccannabisstores.com/products/pineapple-express-1
1028943,SOUR OG PRE-ROLL,$6.99,['1 x 0.5 g'],200.0-260.0mg/g,0.0-19.9mg/g,https://www.bccannabisstores.com/products/ruxton-pre-roll
1034180,BLUE NOVA PRE-ROLLS,$12.99,['3 x 0.5 g'],200.0-260.0mg/g,0.0-10.0mg/g,https://www.bccannabisstores.com/products/blue-nova-pre-rolls
1035963,DISTILLED CBD 50 OIL,$29.99,['28.5 g'],0.0-3.0mg/g,45.0-55.0mg/g,https://www.bccannabisstores.com/products/distilled-cbd-50-oil
1028885,HEADSTASH PRE-ROLL,$6.99,['1 x 0.5 g'],180.0-240.0mg/g,0.0-19.9mg/g,https://www.bccannabisstores.com/products/quadra-pre-roll
1029776,RAD INDICA SHATTER,$36.99,['1 x 1 g'],700.0-850.0mg/g,0.0-10.0mg/g,https://www.bccannabisstores.com/products/rad-indica-shatter-1g
1030550,SLK LIVE RESIN VAPE CARTRIDGE,$36.99,['1 x 0.5 g'],840.0-940.0mg/g,0.0-2.0mg/g,https://www.bccannabisstores.com/products/slk-live-resin-vape-cartridge
1030964,BANANA PUNCH LIVE RESIN VAPE CARTRIDGE,$32.99,['1 x 0.5 g'],680.0-920.0mg/g,0.0-3.75mg/g,https://www.bccannabisstores.com/products/banana-punch-live-resin-vape-cartridge
1035815,ANYTIME 1:1 VAPE - BERRY LEMONADE,$29.99,['1 x 1 g Berry Lemonade'],400.0-420.0mg/g,400.0-420.0mg/g,https://www.bccannabisstores.com/products/anytime-1-1-vape-berry-lemonade
1035054,LEMON ICED TEA,$5.99,['1 x 355 ml Lemon'],5.0mg,0.0-1.0mg,https://www.bccannabisstores.com/products/lemon-iced-tea
1036102,BAKERS DOZEN PRE-ROLL,$4.99,"['1 x 0.5 g', '3 x 0.5 g']",200.0-260.0mg/g,0.0-2.0mg/g,https://www.bccannabisstores.com/products/bakers-dozen-pre-roll
1036649,CHEDDAR BOB,$34.99,['3.5 g'],220.0-290.0mg/g,0.0-5.0mg/g,https://www.bccannabisstores.com/products/cheddar-bob
1033711,GMO COOKIEZ,$34.99,['3.5 g'],240.0-290.0mg/g,0.0-2.0mg/g,https://www.bccannabisstores.com/products/gmo-cookiez
1034214,MAC-1,$29.99,['3.5 g'],200.0-260.0mg/g,0.0-0.15mg/g,https://www.bccannabisstores.com/products/mac-3
1036938,PAX SUPER LEMON HAZE CARTRIDGE,$29.99,"['1 x 0.5 g Citrus, herbal, pine']",780.0-830.0mg/g,0.0-30.0mg/g,https://www.bccannabisstores.com/products/pax-super-lemon-haze-cartridge
1037381,CBD 100 OIL,$59.99,['28.5 g'],0.0mg/g,88.0-108.0mg/g,https://www.bccannabisstores.com/products/cbd-100-oil
1022169,"BC KUSH
(BC KUSH
)",$23.99,['3.5 g'],160.0-210.0mg/g,0.0-50.0mg/g,https://www.bccannabisstores.com/products/bc-kush
1035211,VANILLA BERRY PIE,$39.99,['3.5 g'],230.0-270.0mg/g,0.0-10.0mg/g,https://www.bccannabisstores.com/products/vanilla-berry-pie
1029107,UP IN THE SKY PRE-ROLL,$6.99,['1 x 0.5 g'],180.0-240.0mg/g,0.0-19.9mg/g,https://www.bccannabisstores.com/products/denman-pre-roll
1037019,COCOA BISCUIT,$2.99,['1 x 13.5 g Cocoa'],9.0-10.0mg,0.0-1.0mg,https://www.bccannabisstores.com/products/cocoa-biscuit
1033240,ROMULAN,$21.99,['3.5 g'],180.0-240.0mg/g,0.0-10.0mg/g,https://www.bccannabisstores.com/products/romulan
1035062,RASPBERRY ICED TEA,$5.99,['1 x 355 ml Raspberry'],5.0mg,0.0-1.0mg,https://www.bccannabisstores.com/products/raspberry-iced-tea
1036615,"WRECK & LEISURE
(POWDERED DONUTS
)",$24.99,['3.5 g'],250.0-300.0mg/g,0.0-10.0mg/g,https://www.bccannabisstores.com/products/wreck-leisure
1036888,PEPPERMINT CBD 1:1 CARTRDG,$19.99,['1 x 0.5 g Peppermint'],370.0-430.0mg/g,370.0-430.0mg/g,https://www.bccannabisstores.com/products/peppermint-cbd-1-1-cartrdg
1036391,JET FUEL GELATO,$21.99,['3.5 g'],200.0-260.0mg/g,0.0-10.0mg/g,https://www.bccannabisstores.com/products/jet-fuel-gelato
1036219,STUFFED FRENCH TOAST,$42.99,['3.5 g'],230.0-290.0mg/g,0.0-100.0mg/g,https://www.bccannabisstores.com/products/stuffed-french-toast
1031046,SATIVA SHATTER,$24.99,"['1 x 0.5 g', '1 x 1 g']",680.0-920.0mg/g,0.0-3.75mg/g,https://www.bccannabisstores.com/products/sativa-shatter
1036276,BANANA DAZE CARTRIDGE,$36.99,['1 x 1 g'],820.0-860.0mg/g,0.0-10.0mg/g,https://www.bccannabisstores.com/products/banana-daze-cartridge
1033000,LEMON Z,$31.99,['3.5 g'],200.0-260.0mg/g,0.0-10.0mg/g,https://www.bccannabisstores.com/products/lemon-z-1
1035898,FLORIDA CITRUS KUSH,$39.99,['3.5 g'],230.0-290.0mg/g,0.0-20.0mg/g,https://www.bccannabisstores.com/products/florida-citrus-kush
1037035,SHORTBREAD BISCUIT,$2.99,['1 x 13.5 g Shortbread'],9.0-10.0mg,0.0-1.0mg,https://www.bccannabisstores.com/products/shortbread-biscuit
1035773,LITTLE VICTORY SPARKLING LEMONADE CAN,$5.99,['1 x 355 ml Lemonade'],2.5mg,2.5mg,https://www.bccannabisstores.com/products/little-victory-sparkling-lemonade-can
1004845,TANGERINE DREAM,$51.99,"['7 g', '3.5 g', '1 g']",110.0-160.0mg/g,0.0-1.0mg/g,https://www.bccannabisstores.com/products/tangerine-dream-medreleaf
1030626,LA KUSH CAKE,$31.99,['3.5 g'],230.0-280.0mg/g,0.0-30.0mg/g,https://www.bccannabisstores.com/products/la-kush-cake
1031004,INDICA SHATTER,$24.99,"['1 x 0.5 g', '1 x 1 g']",680.0-920.0mg/g,0.0-3.75mg/g,https://www.bccannabisstores.com/products/indica-shatter
1033398,PEDRO'S SWEET SATIVA PRE-ROLLS,$17.99,"['10 x 0.35 g', '2 x 0.35 g']",160.0-200.0mg/g,0.0-10.0mg/g,https://www.bccannabisstores.com/products/pedros-sweet-sativa-pre-rolls
1036284,MAGIC MELON CARTRIDGE,$36.99,['1 x 1 g'],820.0-860.0mg/g,0.0-10.0mg/g,https://www.bccannabisstores.com/products/magic-melon-cartridge
1035096,CLEAR CBD 100 OIL,$44.99,['19 g'],2.0-8.0mg/g,95.0-106.0mg/g,https://www.bccannabisstores.com/products/clear-cbd-100-oil
1033323,XMG WATERMELON,$6.99,['1 x 236 ml'],10.0mg,0.0-0.9mg/g,https://www.bccannabisstores.com/products/xmg-watermelon
1026202,CRAFT COLLECTIVE ICE CREAM CAKE,$36.99,['3.5 g'],190.0-260.0mg/g,0.0-10.0mg/g,https://www.bccannabisstores.com/products/craft-collective-ice-cream-cake
1034347,CBD100 ULTRA FORMULA,$71.99,['28.5 g'],0.0-0.14mg/g,85.0-115.0mg/g,https://www.bccannabisstores.com/products/cbd100-ultra-formula
1034982,ALIEN COOKIES,$44.99,['3.5 g'],200.0-260.0mg/g,0.0-10.0mg/g,https://www.bccannabisstores.com/products/alien-cookies
1029933,THC DISTILLATE VAPE CARTRIDGE,$27.99,['1 x 0.5 g'],890.0-952.0mg/g,0.0-10.0mg/g,https://www.bccannabisstores.com/products/thc-distillate-vape-catridge
1030196,GORILLA BERRY WHOLE FLOWER,$29.99,['3.5 g'],220.0-280.0mg/g,0.0-10.0mg/g,https://www.bccannabisstores.com/products/gorilla-berry-whole-flower
1027861,EVERE5T SEEDS,$39.99,['4 seeds'],150.0-250.0mg/g,0.0-10.0mg/g,https://www.bccannabisstores.com/products/evere5t-seeds
1019462,THC SOUR CHERRY GUMMIES,$4.99,['4 x 2.5 g Sour cherry'],2.5mg,0.0-0.06mg,https://www.bccannabisstores.com/products/cherry-gummies
1034941,PURPLE PUNCH,$24.99,"['3.5 g', '7 g']",200.0-230.0mg/g,0.0-10.0mg/g,https://www.bccannabisstores.com/products/purple-punch-1
1031699,SOUR KUSH CARTRIDGE,$24.99,['1 x 0.5 g'],800.0-840.0mg/g,0.0-10.0mg/g,https://www.bccannabisstores.com/products/sour-kush-cartridge
1035260,BLUE DREAM,$21.99,['3.5 g'],150.0-190.0mg/g,0.0-10.0mg/g,https://www.bccannabisstores.com/products/blue-dream-3
1034495,MACFLURRY,$44.99,['3.5 g'],200.0-260.0mg/g,0.0-10.0mg/g,https://www.bccannabisstores.com/products/macflurry
1032523,PURPLE MONKEY PAX-ERA POD,$34.99,"['1 x 0.4 g Grape, Citrus, Fruity']",760.0-900.0mg/g,0.0-10.0mg/g,https://www.bccannabisstores.com/products/purple-monkey-pax-era-pod
1036847,SOUR CHERRY PUNCH GUMMIES,$3.99,"['2 x 4.5 g Cherry, fruity, sour']",5.0mg,0.0mg,https://www.bccannabisstores.com/products/sour-cherry-punch-gummies
1036839,THC KISS ORANGE GUMMIES,$3.99,['4 x 3.5 g Orange'],2.25-2.5mg,0.0-1.0mg,https://www.bccannabisstores.com/products/thc-kiss-orange-gummies
1030675,BLUEBERRY VAPE CARTRIDGE,$41.99,['1 x 1 g Blueberry'],800.0-900.0mg/g,0.0-0.5mg/g,https://www.bccannabisstores.com/products/blueberry-vape-cartridge
1035237,MAUI WOWIE SATIVA CARTRIDGE,$44.99,"['1 x 1 g', '1 x 0.5 g']",800.0mg/g,0.0mg/g,https://www.bccannabisstores.com/products/maui-wowie-sativa-cartridge-1
1030717,DIMENSION CBD SOFTGELS,$52.99,['30 capsules'],0.0-3.0mg,45.0-55.0mg,https://www.bccannabisstores.com/products/dimension-cbd-softgels-1
1024702,"DEALER'S PICK INDICA PRE-ROLL
(ROTATING STRAIN)",$7.99,['1 x 1 g'],170.0-230.0mg/g,0.0-9.9mg/g,https://www.bccannabisstores.com/products/dealers-pick-indica-pre-roll
1028950,PENNYWISE 1:1 FULL SPECTRUM CARTRIDGE,$27.99,['1 x 0.5 g'],260.0-325.0mg/g,390.0-450.0mg/g,https://www.bccannabisstores.com/products/pennywise-1-1-full-spectrum-cartridge
1031780,FREE PLUS 1:30 OIL,$31.99,['30 ml'],0.0-2.49mg/g,25.5-34.5mg/g,https://www.bccannabisstores.com/products/free-plus-1-30-oil
1015833,CREAMSICLE,$31.97,"['1 g', '3.5 g']",180.0-250.0mg/g,0.0-10.0mg/g,https://www.bccannabisstores.com/products/creamsicle
1035823,"PEACH ORANGE 1:1 SOURZ
(BLEND)",$5.99,['5 x 5 g Peach Orange 1:1'],2.0mg,2.0mg,https://www.bccannabisstores.com/products/peach-orange-1-1-sourz
1026798,OS. INDICA,$99.99,['28 g'],140.0-199.0mg/g,0.0-10.0mg/g,https://www.bccannabisstores.com/products/os-indica
1031681,90S OG KUSH CARTRIDGE,$24.99,['1 x 0.5 g'],800.0-840.0mg/g,0.0-10.0mg/g,https://www.bccannabisstores.com/products/90s-og-kush-cartridge
1032721,HYCYCLE INDICA,$36.99,['1 x 1 g'],810.0-890.0mg/g,0.0-25.0mg/g,https://www.bccannabisstores.com/products/hycycle-indica
1033414,ULTRA SOUR,$124.99,['28 g'],180.0-250.0mg/g,0.0-10.0mg/g,https://www.bccannabisstores.com/products/ultra-sour-2
1017318,INDICA-510 THREAD CARTRIDGE,$26.97,['1 x 0.42 g'],830.0mg/g,0.0-30.0mg/g,https://www.bccannabisstores.com/products/indica-510-thread-cartridge
1021641,"FLICKER
(INDICA BLEND)",$17.99,['3.5 g'],150.0-181.0mg/g,0.0-2.5mg/g,https://www.bccannabisstores.com/products/flicker
1029610,NORTHERN BERRY UP20,$21.99,['3.5 g'],200.0-270.0mg/g,0.0-10.0mg/g,https://www.bccannabisstores.com/products/northern-berry-up20
1035567,SUNSET SHERBET,$36.99,['3.5 g'],200.0-260.0mg/g,0.0-20.0mg/g,https://www.bccannabisstores.com/products/sunset-sherbet-1
1021815,FIRE OG - VAPE CARTRIDGE,$19.99,['1 x 0.5 g'],750.0-850.0mg/g,0.0-1.0mg/g,https://www.bccannabisstores.com/products/fire-og-vape-cartridge
1034685,WEDDING CAKE,$24.99,['3.5 g'],200.0-270.0mg/g,0.0-10.0mg/g,https://www.bccannabisstores.com/products/wedding-cake-3
1035781,"BLUE RASPBERRY WATERMELON INDICA SOURZ
(BLEND)",$5.99,['5 x 5 g  Blue Raspberry Watermelon'],2.0mg,0.0mg,https://www.bccannabisstores.com/products/blue-raspberry-watermelon-indica-sourz
1032804,HYCYCLE SATIVA,$36.99,['1 x 1 g'],810.0-890.0mg/g,0.0-25.0mg/g,https://www.bccannabisstores.com/products/hycycle-sativa
1035740,BALANCED ORANGE MILK CHOCOLATE 1:1,$3.99,['1 x 10 g orange chocolate'],10.0mg,10.0mg,https://www.bccannabisstores.com/products/balanced-orange-milk-chocolate-1-1
1025444,MONKEY GLUE PRE-ROLLS,$7.99,['3 x 0.33 g'],160.0-240.0mg/g,0.0-9.9mg/g,https://www.bccannabisstores.com/products/monkey-glue-pre-rolls
1032051,OS. HASH INDICA,$29.99,['1 x 2 g Fruity'],300.0-390.0mg/g,0.0-10.0mg/g,https://www.bccannabisstores.com/products/os-hash-indica
1034776,"BALANCE PRE-ROLLS
(NORDLE
)",$7.99,['3 x 0.33 g'],40.0-100.0mg/g,80.0-140.0mg/g,https://www.bccannabisstores.com/products/balance-pre-rolls
1031608,CRAFT COLLECTIVE ICE CREAM CAKE PRE-ROLL,$13.99,['3 x 0.5 g'],190.0-260.0mg/g,0.0-20.0mg/g,https://www.bccannabisstores.com/products/craft-collective-ice-cream-cake-pre-roll
1024439,GAELIC FIRE,$39.99,['3.5 g'],230.0-270.0mg/g,0.0-1.0mg/g,https://www.bccannabisstores.com/products/gaelic-fire
1036490,CBD OIL 30,$34.99,['30 ml'],0.9-1.5mg/g,27.0-33.0mg/g,https://www.bccannabisstores.com/products/cbd-oil-30
1034586,CBD CREAM,$36.99,['1 x 60 ml'],40.0mg,1200.0mg,https://www.bccannabisstores.com/products/cbd-cream
1030022,"232 SERIES INDICA ICC LIVE TERPENE CARTG
(ICE CREAM CAKE
)",$39.99,['1 x 0.5 g'],820.0-900.0mg/g,0.0-1.0mg/g,https://www.bccannabisstores.com/products/232-series-indica-icc-live-terpene-cartg
1030568,AFGHANI DRIFTER,$67.99,"['7 g', '3.5 g']",220.0-280.0mg/g,0.0-10.0mg/g,https://www.bccannabisstores.com/products/afghani-drifter
1030899,BALANCE OIL 15,$34.99,['30 ml'],13.0-17.0mg/g,13.0-17.0mg/g,https://www.bccannabisstores.com/products/balanced-oil-15-15
